Растение (RU)	Штамм бактерии	BacDive ID	Род бактерии	Оптимальная Т (°C)	Класс опасности (BSL)	Источник изоляции	Источник базы
Горох	Azospirillum agricola	140877	Azospirillum	Не указана	Проверяется	Выделен из ризосферы / тканей растения	BacDive DSMZ
Горох	Azospirillum doebereinerae	13996	Azospirillum	Не указана	Проверяется	Выделен из ризосферы / тканей растения	BacDive DSMZ
Горох	Azospirillum palustre	166212	Azospirillum	Не указана	Проверяется	Выделен из ризосферы / тканей растения	BacDive DSMZ
Горох	Azospirillum ramasamyi	166472	Azospirillum	Не указана	Проверяется	Выделен из ризосферы / тканей растения	BacDive DSMZ
Горох	Azospirillum thermophilum	167820	Azospirillum	Не указана	Проверяется	Выделен из ризосферы / тканей растения	BacDive DSMZ
Горох	Bacillus albus	140963	Bacillus	Не указана	Проверяется	Выделен из ризосферы / тканей растения	BacDive DSMZ
Горох	Bacillus anthracis	168990	Bacillus	Не указана	Проверяется	Выделен из ризосферы / тканей растения	BacDive DSMZ
Горох	Bacillus arachidis	170449	Bacillus	Не указана	Проверяется	Выделен из ризосферы / тканей растения	BacDive DSMZ
Горох	Bacillus atrophaeus	1079	Bacillus	Не указана	Проверяется	Выделен из ризосферы / тканей растения	BacDive DSMZ
Горох	Bacillus atrophaeus	1078	Bacillus	Не указана	Проверяется	Выделен из ризосферы / тканей растения	BacDive DSMZ
Горох	Bacillus atrophaeus	1074	Bacillus	Не указана	Проверяется	Выделен из ризосферы / тканей растения	BacDive DSMZ
Горох	Bacillus atrophaeus	22920	Bacillus	Не указана	Проверяется	Выделен из ризосферы / тканей растения	BacDive DSMZ
Горох	Bacillus capparidis	133067	Bacillus	Не указана	Проверяется	Выделен из ризосферы / тканей растения	BacDive DSMZ
Горох	Bacillus cereus	639	Bacillus	Не указана	Проверяется	Выделен из ризосферы / тканей растения	BacDive DSMZ
Горох	Bacillus cereus	638	Bacillus	Не указана	Проверяется	Выделен из ризосферы / тканей растения	BacDive DSMZ
Горох	Bacillus cereus	637	Bacillus	Не указана	Проверяется	Выделен из ризосферы / тканей растения	BacDive DSMZ
Горох	Bacillus cereus	636	Bacillus	Не указана	Проверяется	Выделен из ризосферы / тканей растения	BacDive DSMZ
Горох	Bacillus cereus	626	Bacillus	Не указана	Проверяется	Выделен из ризосферы / тканей растения	BacDive DSMZ
Горох	Bacillus cereus	608	Bacillus	Не указана	Проверяется	Выделен из ризосферы / тканей растения	BacDive DSMZ
Горох	Bacillus cereus	22911	Bacillus	Не указана	Проверяется	Выделен из ризосферы / тканей растения	BacDive DSMZ
Горох	Bacillus cereus	130857	Bacillus	Не указана	Проверяется	Выделен из ризосферы / тканей растения	BacDive DSMZ
Горох	Bacillus cereus	130856	Bacillus	Не указана	Проверяется	Выделен из ризосферы / тканей растения	BacDive DSMZ
Горох	Bacillus cereus	131624	Bacillus	Не указана	Проверяется	Выделен из ризосферы / тканей растения	BacDive DSMZ
Горох	Bacillus cereus	131623	Bacillus	Не указана	Проверяется	Выделен из ризосферы / тканей растения	BacDive DSMZ
Горох	Bacillus cereus	131622	Bacillus	Не указана	Проверяется	Выделен из ризосферы / тканей растения	BacDive DSMZ
Горох	Bacillus cereus	131621	Bacillus	Не указана	Проверяется	Выделен из ризосферы / тканей растения	BacDive DSMZ
Горох	Bacillus cereus	157589	Bacillus	Не указана	Проверяется	Выделен из ризосферы / тканей растения	BacDive DSMZ
Горох	Bacillus cereus	157588	Bacillus	Не указана	Проверяется	Выделен из ризосферы / тканей растения	BacDive DSMZ
Горох	Bacillus cereus	171510	Bacillus	Не указана	Проверяется	Выделен из ризосферы / тканей растения	BacDive DSMZ
Горох	Bacillus cereus	171847	Bacillus	Не указана	Проверяется	Выделен из ризосферы / тканей растения	BacDive DSMZ
Горох	Bacillus cereus	172034	Bacillus	Не указана	Проверяется	Выделен из ризосферы / тканей растения	BacDive DSMZ
Горох	Bacillus cereus	172171	Bacillus	Не указана	Проверяется	Выделен из ризосферы / тканей растения	BacDive DSMZ
Горох	Bacillus cereus	172162	Bacillus	Не указана	Проверяется	Выделен из ризосферы / тканей растения	BacDive DSMZ
Горох	Bacillus cereus	172097	Bacillus	Не указана	Проверяется	Выделен из ризосферы / тканей растения	BacDive DSMZ
Горох	Bacillus chungangensis	1299	Bacillus	Не указана	Проверяется	Выделен из ризосферы / тканей растения	BacDive DSMZ
Горох	Bacillus endozanthoxylicus	141013	Bacillus	Не указана	Проверяется	Выделен из ризосферы / тканей растения	BacDive DSMZ
Горох	Bacillus fungorum	167978	Bacillus	Не указана	Проверяется	Выделен из ризосферы / тканей растения	BacDive DSMZ
Горох	Bacillus licheniformis	713	Bacillus	Не указана	Проверяется	Выделен из ризосферы / тканей растения	BacDive DSMZ
Горох	Bacillus licheniformis	712	Bacillus	Не указана	Проверяется	Выделен из ризосферы / тканей растения	BacDive DSMZ
Горох	Bacillus licheniformis	711	Bacillus	Не указана	Проверяется	Выделен из ризосферы / тканей растения	BacDive DSMZ
Горох	Bacillus licheniformis	710	Bacillus	Не указана	Проверяется	Выделен из ризосферы / тканей растения	BacDive DSMZ
Горох	Bacillus licheniformis	709	Bacillus	Не указана	Проверяется	Выделен из ризосферы / тканей растения	BacDive DSMZ
Горох	Bacillus licheniformis	708	Bacillus	Не указана	Проверяется	Выделен из ризосферы / тканей растения	BacDive DSMZ
Горох	Bacillus licheniformis	707	Bacillus	Не указана	Проверяется	Выделен из ризосферы / тканей растения	BacDive DSMZ
Горох	Bacillus licheniformis	706	Bacillus	Не указана	Проверяется	Выделен из ризосферы / тканей растения	BacDive DSMZ
Горох	Bacillus licheniformis	705	Bacillus	Не указана	Проверяется	Выделен из ризосферы / тканей растения	BacDive DSMZ
Горох	Bacillus licheniformis	704	Bacillus	Не указана	Проверяется	Выделен из ризосферы / тканей растения	BacDive DSMZ
Горох	Bacillus licheniformis	703	Bacillus	Не указана	Проверяется	Выделен из ризосферы / тканей растения	BacDive DSMZ
Горох	Bacillus licheniformis	702	Bacillus	Не указана	Проверяется	Выделен из ризосферы / тканей растения	BacDive DSMZ
Горох	Bacillus licheniformis	701	Bacillus	Не указана	Проверяется	Выделен из ризосферы / тканей растения	BacDive DSMZ
Горох	Bacillus licheniformis	700	Bacillus	Не указана	Проверяется	Выделен из ризосферы / тканей растения	BacDive DSMZ
Горох	Bacillus licheniformis	699	Bacillus	Не указана	Проверяется	Выделен из ризосферы / тканей растения	BacDive DSMZ
Горох	Bacillus licheniformis	686	Bacillus	Не указана	Проверяется	Выделен из ризосферы / тканей растения	BacDive DSMZ
Горох	Bacillus licheniformis	23616	Bacillus	Не указана	Проверяется	Выделен из ризосферы / тканей растения	BacDive DSMZ
Горох	Bacillus licheniformis	23615	Bacillus	Не указана	Проверяется	Выделен из ризосферы / тканей растения	BacDive DSMZ
Горох	Bacillus licheniformis	22912	Bacillus	Не указана	Проверяется	Выделен из ризосферы / тканей растения	BacDive DSMZ
Горох	Bacillus licheniformis	130860	Bacillus	Не указана	Проверяется	Выделен из ризосферы / тканей растения	BacDive DSMZ
Горох	Bacillus licheniformis	130859	Bacillus	Не указана	Проверяется	Выделен из ризосферы / тканей растения	BacDive DSMZ
Горох	Bacillus licheniformis	130167	Bacillus	Не указана	Проверяется	Выделен из ризосферы / тканей растения	BacDive DSMZ
Горох	Bacillus licheniformis	130166	Bacillus	Не указана	Проверяется	Выделен из ризосферы / тканей растения	BacDive DSMZ
Горох	Bacillus licheniformis	130165	Bacillus	Не указана	Проверяется	Выделен из ризосферы / тканей растения	BacDive DSMZ
Горох	Bacillus licheniformis	131627	Bacillus	Не указана	Проверяется	Выделен из ризосферы / тканей растения	BacDive DSMZ
Горох	Bacillus licheniformis	158839	Bacillus	Не указана	Проверяется	Выделен из ризосферы / тканей растения	BacDive DSMZ
Горох	Bacillus licheniformis	158838	Bacillus	Не указана	Проверяется	Выделен из ризосферы / тканей растения	BacDive DSMZ
Горох	Bacillus licheniformis	157593	Bacillus	Не указана	Проверяется	Выделен из ризосферы / тканей растения	BacDive DSMZ
Горох	Bacillus licheniformis	169170	Bacillus	Не указана	Проверяется	Выделен из ризосферы / тканей растения	BacDive DSMZ
Горох	Bacillus licheniformis	169169	Bacillus	Не указана	Проверяется	Выделен из ризосферы / тканей растения	BacDive DSMZ
Горох	Bacillus licheniformis	169168	Bacillus	Не указана	Проверяется	Выделен из ризосферы / тканей растения	BacDive DSMZ
Горох	Bacillus licheniformis	169167	Bacillus	Не указана	Проверяется	Выделен из ризосферы / тканей растения	BacDive DSMZ
Горох	Bacillus luti	140965	Bacillus	Не указана	Проверяется	Выделен из ризосферы / тканей растения	BacDive DSMZ
Горох	Bacillus methanolicus	1231	Bacillus	Не указана	Проверяется	Выделен из ризосферы / тканей растения	BacDive DSMZ
Горох	Bacillus mobilis	140964	Bacillus	Не указана	Проверяется	Выделен из ризосферы / тканей растения	BacDive DSMZ
Горох	Bacillus mojavensis	1098	Bacillus	Не указана	Проверяется	Выделен из ризосферы / тканей растения	BacDive DSMZ
Горох	Bacillus mojavensis	1097	Bacillus	Не указана	Проверяется	Выделен из ризосферы / тканей растения	BacDive DSMZ
Горох	Bacillus mojavensis	1096	Bacillus	Не указана	Проверяется	Выделен из ризосферы / тканей растения	BacDive DSMZ
Горох	Bacillus mojavensis	1101	Bacillus	Не указана	Проверяется	Выделен из ризосферы / тканей растения	BacDive DSMZ
Горох	Bacillus mojavensis	1100	Bacillus	Не указана	Проверяется	Выделен из ризосферы / тканей растения	BacDive DSMZ
Горох	Bacillus mojavensis	1099	Bacillus	Не указана	Проверяется	Выделен из ризосферы / тканей растения	BacDive DSMZ
Горох	Bacillus mojavensis	131050	Bacillus	Не указана	Проверяется	Выделен из ризосферы / тканей растения	BacDive DSMZ
Горох	Bacillus mojavensis	131049	Bacillus	Не указана	Проверяется	Выделен из ризосферы / тканей растения	BacDive DSMZ
Горох	Bacillus mycoides	23641	Bacillus	Не указана	Проверяется	Выделен из ризосферы / тканей растения	BacDive DSMZ
Горох	Bacillus mycoides	23640	Bacillus	Не указана	Проверяется	Выделен из ризосферы / тканей растения	BacDive DSMZ
Горох	Bacillus mycoides	23639	Bacillus	Не указана	Проверяется	Выделен из ризосферы / тканей растения	BacDive DSMZ
Горох	Bacillus mycoides	23638	Bacillus	Не указана	Проверяется	Выделен из ризосферы / тканей растения	BacDive DSMZ
Горох	Bacillus mycoides	23637	Bacillus	Не указана	Проверяется	Выделен из ризосферы / тканей растения	BacDive DSMZ
Горох	Bacillus mycoides	23643	Bacillus	Не указана	Проверяется	Выделен из ризосферы / тканей растения	BacDive DSMZ
Горох	Bacillus mycoides	23642	Bacillus	Не указана	Проверяется	Выделен из ризосферы / тканей растения	BacDive DSMZ
Горох	Bacillus nitratireducens	140967	Bacillus	Не указана	Проверяется	Выделен из ризосферы / тканей растения	BacDive DSMZ
Горох	Bacillus pacificus	140961	Bacillus	Не указана	Проверяется	Выделен из ризосферы / тканей растения	BacDive DSMZ
Горох	Bacillus paranthracis	140960	Bacillus	Не указана	Проверяется	Выделен из ризосферы / тканей растения	BacDive DSMZ
Горох	Bacillus proteolyticus	140966	Bacillus	Не указана	Проверяется	Выделен из ризосферы / тканей растения	BacDive DSMZ
Горох	Bacillus pumilus	781	Bacillus	Не указана	Проверяется	Выделен из ризосферы / тканей растения	BacDive DSMZ
Горох	Bacillus pumilus	780	Bacillus	Не указана	Проверяется	Выделен из ризосферы / тканей растения	BacDive DSMZ
Горох	Bacillus pumilus	779	Bacillus	Не указана	Проверяется	Выделен из ризосферы / тканей растения	BacDive DSMZ
Горох	Bacillus pumilus	778	Bacillus	Не указана	Проверяется	Выделен из ризосферы / тканей растения	BacDive DSMZ
Горох	Bacillus pumilus	777	Bacillus	Не указана	Проверяется	Выделен из ризосферы / тканей растения	BacDive DSMZ
Горох	Bacillus pumilus	776	Bacillus	Не указана	Проверяется	Выделен из ризосферы / тканей растения	BacDive DSMZ
Горох	Bacillus pumilus	775	Bacillus	Не указана	Проверяется	Выделен из ризосферы / тканей растения	BacDive DSMZ
Горох	Bacillus pumilus	774	Bacillus	Не указана	Проверяется	Выделен из ризосферы / тканей растения	BacDive DSMZ
Горох	Bacillus pumilus	773	Bacillus	Не указана	Проверяется	Выделен из ризосферы / тканей растения	BacDive DSMZ
Горох	Bacillus pumilus	772	Bacillus	Не указана	Проверяется	Выделен из ризосферы / тканей растения	BacDive DSMZ
Горох	Bacillus pumilus	771	Bacillus	Не указана	Проверяется	Выделен из ризосферы / тканей растения	BacDive DSMZ
Горох	Bacillus pumilus	770	Bacillus	Не указана	Проверяется	Выделен из ризосферы / тканей растения	BacDive DSMZ
Горох	Bacillus pumilus	769	Bacillus	Не указана	Проверяется	Выделен из ризосферы / тканей растения	BacDive DSMZ
Горох	Bacillus pumilus	768	Bacillus	Не указана	Проверяется	Выделен из ризосферы / тканей растения	BacDive DSMZ
Горох	Bacillus pumilus	767	Bacillus	Не указана	Проверяется	Выделен из ризосферы / тканей растения	BacDive DSMZ
Горох	Bacillus pumilus	766	Bacillus	Не указана	Проверяется	Выделен из ризосферы / тканей растения	BacDive DSMZ
Горох	Bacillus pumilus	765	Bacillus	Не указана	Проверяется	Выделен из ризосферы / тканей растения	BacDive DSMZ
Горох	Bacillus pumilus	764	Bacillus	Не указана	Проверяется	Выделен из ризосферы / тканей растения	BacDive DSMZ
Горох	Bacillus pumilus	763	Bacillus	Не указана	Проверяется	Выделен из ризосферы / тканей растения	BacDive DSMZ
Горох	Bacillus pumilus	762	Bacillus	Не указана	Проверяется	Выделен из ризосферы / тканей растения	BacDive DSMZ
Горох	Bacillus pumilus	761	Bacillus	Не указана	Проверяется	Выделен из ризосферы / тканей растения	BacDive DSMZ
Горох	Bacillus pumilus	760	Bacillus	Не указана	Проверяется	Выделен из ризосферы / тканей растения	BacDive DSMZ
Горох	Bacillus pumilus	130862	Bacillus	Не указана	Проверяется	Выделен из ризосферы / тканей растения	BacDive DSMZ
Горох	Bacillus pumilus	130861	Bacillus	Не указана	Проверяется	Выделен из ризосферы / тканей растения	BacDive DSMZ
Горох	Bacillus pumilus	130170	Bacillus	Не указана	Проверяется	Выделен из ризосферы / тканей растения	BacDive DSMZ
Горох	Bacillus pumilus	130169	Bacillus	Не указана	Проверяется	Выделен из ризосферы / тканей растения	BacDive DSMZ
Горох	Bacillus pumilus	130168	Bacillus	Не указана	Проверяется	Выделен из ризосферы / тканей растения	BacDive DSMZ
Горох	Bacillus pumilus	131633	Bacillus	Не указана	Проверяется	Выделен из ризосферы / тканей растения	BacDive DSMZ
Горох	Bacillus pumilus	131632	Bacillus	Не указана	Проверяется	Выделен из ризосферы / тканей растения	BacDive DSMZ
Горох	Bacillus pumilus	131631	Bacillus	Не указана	Проверяется	Выделен из ризосферы / тканей растения	BacDive DSMZ
Горох	Bacillus pumilus	131630	Bacillus	Не указана	Проверяется	Выделен из ризосферы / тканей растения	BacDive DSMZ
Горох	Bacillus pumilus	139688	Bacillus	Не указана	Проверяется	Выделен из ризосферы / тканей растения	BacDive DSMZ
Горох	Bacillus safensis subsp. safensis	158109	Bacillus	Не указана	Проверяется	Выделен из ризосферы / тканей растения	BacDive DSMZ
Горох	Bacillus safensis subsp. osmophilus	166417	Bacillus	Не указана	Проверяется	Выделен из ризосферы / тканей растения	BacDive DSMZ
Горох	Bacillus shivajii	159795	Bacillus	Не указана	Проверяется	Выделен из ризосферы / тканей растения	BacDive DSMZ
Горох	Bacillus smithii	815	Bacillus	Не указана	Проверяется	Выделен из ризосферы / тканей растения	BacDive DSMZ
Горох	Bacillus sonorensis	131635	Bacillus	Не указана	Проверяется	Выделен из ризосферы / тканей растения	BacDive DSMZ
Горох	Bacillus sp.	958	Bacillus	Не указана	Проверяется	Выделен из ризосферы / тканей растения	BacDive DSMZ
Горох	Bacillus sp.	955	Bacillus	Не указана	Проверяется	Выделен из ризосферы / тканей растения	BacDive DSMZ
Горох	Bacillus sp.	954	Bacillus	Не указана	Проверяется	Выделен из ризосферы / тканей растения	BacDive DSMZ
Горох	Bacillus sp.	953	Bacillus	Не указана	Проверяется	Выделен из ризосферы / тканей растения	BacDive DSMZ
Горох	Bacillus sp.	952	Bacillus	Не указана	Проверяется	Выделен из ризосферы / тканей растения	BacDive DSMZ
Горох	Bacillus sp.	951	Bacillus	Не указана	Проверяется	Выделен из ризосферы / тканей растения	BacDive DSMZ
Горох	Bacillus sp.	950	Bacillus	Не указана	Проверяется	Выделен из ризосферы / тканей растения	BacDive DSMZ
Горох	Bacillus sp.	949	Bacillus	Не указана	Проверяется	Выделен из ризосферы / тканей растения	BacDive DSMZ
Горох	Bacillus sp.	948	Bacillus	Не указана	Проверяется	Выделен из ризосферы / тканей растения	BacDive DSMZ
Горох	Bacillus sp.	947	Bacillus	Не указана	Проверяется	Выделен из ризосферы / тканей растения	BacDive DSMZ
Горох	Bacillus sp.	946	Bacillus	Не указана	Проверяется	Выделен из ризосферы / тканей растения	BacDive DSMZ
Горох	Bacillus sp.	945	Bacillus	Не указана	Проверяется	Выделен из ризосферы / тканей растения	BacDive DSMZ
Горох	Bacillus sp.	925	Bacillus	Не указана	Проверяется	Выделен из ризосферы / тканей растения	BacDive DSMZ
Горох	Bacillus sp.	924	Bacillus	Не указана	Проверяется	Выделен из ризосферы / тканей растения	BacDive DSMZ
Горох	Bacillus sp.	923	Bacillus	Не указана	Проверяется	Выделен из ризосферы / тканей растения	BacDive DSMZ
Горох	Bacillus sp.	922	Bacillus	Не указана	Проверяется	Выделен из ризосферы / тканей растения	BacDive DSMZ
Горох	Bacillus sp.	130875	Bacillus	Не указана	Проверяется	Выделен из ризосферы / тканей растения	BacDive DSMZ
Горох	Bacillus sp.	130874	Bacillus	Не указана	Проверяется	Выделен из ризосферы / тканей растения	BacDive DSMZ
Горох	Bacillus sp.	130873	Bacillus	Не указана	Проверяется	Выделен из ризосферы / тканей растения	BacDive DSMZ
Горох	Bacillus sp.	130872	Bacillus	Не указана	Проверяется	Выделен из ризосферы / тканей растения	BacDive DSMZ
Горох	Bacillus sp.	130871	Bacillus	Не указана	Проверяется	Выделен из ризосферы / тканей растения	BacDive DSMZ
Горох	Bacillus sp.	130870	Bacillus	Не указана	Проверяется	Выделен из ризосферы / тканей растения	BacDive DSMZ
Горох	Bacillus sp.	130869	Bacillus	Не указана	Проверяется	Выделен из ризосферы / тканей растения	BacDive DSMZ
Горох	Bacillus sp.	130868	Bacillus	Не указана	Проверяется	Выделен из ризосферы / тканей растения	BacDive DSMZ
Горох	Bacillus sp.	130184	Bacillus	Не указана	Проверяется	Выделен из ризосферы / тканей растения	BacDive DSMZ
Горох	Bacillus sp.	130183	Bacillus	Не указана	Проверяется	Выделен из ризосферы / тканей растения	BacDive DSMZ
Горох	Bacillus sp.	158868	Bacillus	Не указана	Проверяется	Выделен из ризосферы / тканей растения	BacDive DSMZ
Горох	Bacillus sp.	158867	Bacillus	Не указана	Проверяется	Выделен из ризосферы / тканей растения	BacDive DSMZ
Горох	Bacillus sp.	158866	Bacillus	Не указана	Проверяется	Выделен из ризосферы / тканей растения	BacDive DSMZ
Горох	Bacillus sp.	158865	Bacillus	Не указана	Проверяется	Выделен из ризосферы / тканей растения	BacDive DSMZ
Горох	Bacillus sp.	158864	Bacillus	Не указана	Проверяется	Выделен из ризосферы / тканей растения	BacDive DSMZ
Горох	Bacillus sp.	158862	Bacillus	Не указана	Проверяется	Выделен из ризосферы / тканей растения	BacDive DSMZ
Горох	Bacillus sp.	158861	Bacillus	Не указана	Проверяется	Выделен из ризосферы / тканей растения	BacDive DSMZ
Горох	Bacillus sp.	158860	Bacillus	Не указана	Проверяется	Выделен из ризосферы / тканей растения	BacDive DSMZ
Горох	Bacillus sp.	157621	Bacillus	Не указана	Проверяется	Выделен из ризосферы / тканей растения	BacDive DSMZ
Горох	Bacillus sp.	157605	Bacillus	Не указана	Проверяется	Выделен из ризосферы / тканей растения	BacDive DSMZ
Горох	Bacillus sp.	157604	Bacillus	Не указана	Проверяется	Выделен из ризосферы / тканей растения	BacDive DSMZ
Горох	Bacillus sp.	157603	Bacillus	Не указана	Проверяется	Выделен из ризосферы / тканей растения	BacDive DSMZ
Горох	Bacillus sp.	169195	Bacillus	Не указана	Проверяется	Выделен из ризосферы / тканей растения	BacDive DSMZ
Горох	Bacillus sp.	169194	Bacillus	Не указана	Проверяется	Выделен из ризосферы / тканей растения	BacDive DSMZ
Горох	Bacillus subtilis	985	Bacillus	Не указана	Проверяется	Выделен из ризосферы / тканей растения	BacDive DSMZ
Горох	Bacillus subtilis	984	Bacillus	Не указана	Проверяется	Выделен из ризосферы / тканей растения	BacDive DSMZ
Горох	Bacillus subtilis	983	Bacillus	Не указана	Проверяется	Выделен из ризосферы / тканей растения	BacDive DSMZ
Горох	Bacillus subtilis	982	Bacillus	Не указана	Проверяется	Выделен из ризосферы / тканей растения	BacDive DSMZ
Горох	Bacillus subtilis	981	Bacillus	Не указана	Проверяется	Выделен из ризосферы / тканей растения	BacDive DSMZ
Горох	Bacillus subtilis	980	Bacillus	Не указана	Проверяется	Выделен из ризосферы / тканей растения	BacDive DSMZ
Горох	Bacillus subtilis	971	Bacillus	Не указана	Проверяется	Выделен из ризосферы / тканей растения	BacDive DSMZ
Горох	Bacillus subtilis	970	Bacillus	Не указана	Проверяется	Выделен из ризосферы / тканей растения	BacDive DSMZ
Горох	Bacillus subtilis	964	Bacillus	Не указана	Проверяется	Выделен из ризосферы / тканей растения	BacDive DSMZ
Горох	Bacillus subtilis	1001	Bacillus	Не указана	Проверяется	Выделен из ризосферы / тканей растения	BacDive DSMZ
Горох	Bacillus subtilis	1000	Bacillus	Не указана	Проверяется	Выделен из ризосферы / тканей растения	BacDive DSMZ
Горох	Bacillus subtilis	999	Bacillus	Не указана	Проверяется	Выделен из ризосферы / тканей растения	BacDive DSMZ
Горох	Bacillus subtilis	998	Bacillus	Не указана	Проверяется	Выделен из ризосферы / тканей растения	BacDive DSMZ
Горох	Bacillus subtilis	997	Bacillus	Не указана	Проверяется	Выделен из ризосферы / тканей растения	BacDive DSMZ
Горох	Bacillus subtilis	996	Bacillus	Не указана	Проверяется	Выделен из ризосферы / тканей растения	BacDive DSMZ
Горох	Bacillus subtilis	995	Bacillus	Не указана	Проверяется	Выделен из ризосферы / тканей растения	BacDive DSMZ
Горох	Bacillus subtilis	994	Bacillus	Не указана	Проверяется	Выделен из ризосферы / тканей растения	BacDive DSMZ
Горох	Bacillus subtilis	993	Bacillus	Не указана	Проверяется	Выделен из ризосферы / тканей растения	BacDive DSMZ
Горох	Bacillus subtilis	992	Bacillus	Не указана	Проверяется	Выделен из ризосферы / тканей растения	BacDive DSMZ
Горох	Bacillus subtilis	991	Bacillus	Не указана	Проверяется	Выделен из ризосферы / тканей растения	BacDive DSMZ
Горох	Bacillus subtilis	990	Bacillus	Не указана	Проверяется	Выделен из ризосферы / тканей растения	BacDive DSMZ
Горох	Bacillus subtilis	989	Bacillus	Не указана	Проверяется	Выделен из ризосферы / тканей растения	BacDive DSMZ
Горох	Bacillus subtilis	988	Bacillus	Не указана	Проверяется	Выделен из ризосферы / тканей растения	BacDive DSMZ
Горох	Bacillus subtilis	987	Bacillus	Не указана	Проверяется	Выделен из ризосферы / тканей растения	BacDive DSMZ
Горох	Bacillus subtilis	986	Bacillus	Не указана	Проверяется	Выделен из ризосферы / тканей растения	BacDive DSMZ
Горох	Bacillus subtilis	22919	Bacillus	Не указана	Проверяется	Выделен из ризосферы / тканей растения	BacDive DSMZ
Горох	Bacillus subtilis	22918	Bacillus	Не указана	Проверяется	Выделен из ризосферы / тканей растения	BacDive DSMZ
Горох	Bacillus subtilis	22917	Bacillus	Не указана	Проверяется	Выделен из ризосферы / тканей растения	BacDive DSMZ
Горох	Bacillus subtilis	22916	Bacillus	Не указана	Проверяется	Выделен из ризосферы / тканей растения	BacDive DSMZ
Горох	Bacillus subtilis	22915	Bacillus	Не указана	Проверяется	Выделен из ризосферы / тканей растения	BacDive DSMZ
Горох	Bacillus subtilis	130878	Bacillus	Не указана	Проверяется	Выделен из ризосферы / тканей растения	BacDive DSMZ
Горох	Bacillus subtilis	130877	Bacillus	Не указана	Проверяется	Выделен из ризосферы / тканей растения	BacDive DSMZ
Горох	Bacillus subtilis	130189	Bacillus	Не указана	Проверяется	Выделен из ризосферы / тканей растения	BacDive DSMZ
Горох	Bacillus subtilis	130188	Bacillus	Не указана	Проверяется	Выделен из ризосферы / тканей растения	BacDive DSMZ
Горох	Bacillus subtilis	130187	Bacillus	Не указана	Проверяется	Выделен из ризосферы / тканей растения	BacDive DSMZ
Горох	Bacillus subtilis	130186	Bacillus	Не указана	Проверяется	Выделен из ризосферы / тканей растения	BacDive DSMZ
Горох	Bacillus subtilis	130185	Bacillus	Не указана	Проверяется	Выделен из ризосферы / тканей растения	BacDive DSMZ
Горох	Bacillus subtilis	23668	Bacillus	Не указана	Проверяется	Выделен из ризосферы / тканей растения	BacDive DSMZ
Горох	Bacillus subtilis	23667	Bacillus	Не указана	Проверяется	Выделен из ризосферы / тканей растения	BacDive DSMZ
Горох	Bacillus subtilis	131655	Bacillus	Не указана	Проверяется	Выделен из ризосферы / тканей растения	BacDive DSMZ
Горох	Bacillus subtilis	131654	Bacillus	Не указана	Проверяется	Выделен из ризосферы / тканей растения	BacDive DSMZ
Горох	Bacillus subtilis	131653	Bacillus	Не указана	Проверяется	Выделен из ризосферы / тканей растения	BacDive DSMZ
Горох	Bacillus subtilis	131652	Bacillus	Не указана	Проверяется	Выделен из ризосферы / тканей растения	BacDive DSMZ
Горох	Bacillus subtilis	130881	Bacillus	Не указана	Проверяется	Выделен из ризосферы / тканей растения	BacDive DSMZ
Горох	Bacillus subtilis	130880	Bacillus	Не указана	Проверяется	Выделен из ризосферы / тканей растения	BacDive DSMZ
Горох	Bacillus subtilis	130879	Bacillus	Не указана	Проверяется	Выделен из ризосферы / тканей растения	BacDive DSMZ
Горох	Bacillus subtilis	137292	Bacillus	Не указана	Проверяется	Выделен из ризосферы / тканей растения	BacDive DSMZ
Горох	Bacillus subtilis	142101	Bacillus	Не указана	Проверяется	Выделен из ризосферы / тканей растения	BacDive DSMZ
Горох	Bacillus subtilis	158873	Bacillus	Не указана	Проверяется	Выделен из ризосферы / тканей растения	BacDive DSMZ
Горох	Bacillus subtilis	158872	Bacillus	Не указана	Проверяется	Выделен из ризосферы / тканей растения	BacDive DSMZ
Горох	Bacillus subtilis	158871	Bacillus	Не указана	Проверяется	Выделен из ризосферы / тканей растения	BacDive DSMZ
Горох	Bacillus subtilis	158870	Bacillus	Не указана	Проверяется	Выделен из ризосферы / тканей растения	BacDive DSMZ
Горох	Bacillus subtilis	158869	Bacillus	Не указана	Проверяется	Выделен из ризосферы / тканей растения	BacDive DSMZ
Горох	Bacillus subtilis	157622	Bacillus	Не указана	Проверяется	Выделен из ризосферы / тканей растения	BacDive DSMZ
Горох	Bacillus thermoamylovorans	1197	Bacillus	Не указана	Проверяется	Выделен из ризосферы / тканей растения	BacDive DSMZ
Горох	Bacillus tropicus	140962	Bacillus	Не указана	Проверяется	Выделен из ризосферы / тканей растения	BacDive DSMZ
Горох	Heyndrickxia coagulans	655	Bacillus	Не указана	Проверяется	Выделен из ризосферы / тканей растения	BacDive DSMZ
Горох	Niallia circulans	644	Bacillus	Не указана	Проверяется	Выделен из ризосферы / тканей растения	BacDive DSMZ
Горох	Niallia circulans	139687	Bacillus	Не указана	Проверяется	Выделен из ризосферы / тканей растения	BacDive DSMZ
Горох	Niallia circulans	157592	Bacillus	Не указана	Проверяется	Выделен из ризосферы / тканей растения	BacDive DSMZ
Горох	Niallia circulans	157591	Bacillus	Не указана	Проверяется	Выделен из ризосферы / тканей растения	BacDive DSMZ
Горох	Niallia circulans	157590	Bacillus	Не указана	Проверяется	Выделен из ризосферы / тканей растения	BacDive DSMZ
Горох	Niallia taxi	164454	Bacillus	Не указана	Проверяется	Выделен из ризосферы / тканей растения	BacDive DSMZ
Горох	Pseudomonas abyssi	159712	Pseudomonas	Не указана	Проверяется	Выделен из ризосферы / тканей растения	BacDive DSMZ
Горох	Pseudomonas aeruginosa	159020	Pseudomonas	Не указана	Проверяется	Выделен из ризосферы / тканей растения	BacDive DSMZ
Горох	Pseudomonas aeruginosa	161468	Pseudomonas	Не указана	Проверяется	Выделен из ризосферы / тканей растения	BacDive DSMZ
Горох	Pseudomonas alkylphenolica	161808	Pseudomonas	Не указана	Проверяется	Выделен из ризосферы / тканей растения	BacDive DSMZ
Горох	Pseudomonas amygdali	13051	Pseudomonas	Не указана	Проверяется	Выделен из ризосферы / тканей растения	BacDive DSMZ
Горох	Pseudomonas atacamensis	166373	Pseudomonas	Не указана	Проверяется	Выделен из ризосферы / тканей растения	BacDive DSMZ
Горох	Pseudomonas avellanae	13058	Pseudomonas	Не указана	Проверяется	Выделен из ризосферы / тканей растения	BacDive DSMZ
Горох	Pseudomonas canadensis	133410	Pseudomonas	Не указана	Проверяется	Выделен из ризосферы / тканей растения	BacDive DSMZ
Горох	Pseudomonas chlororaphis subsp. piscium	13181	Pseudomonas	Не указана	Проверяется	Выделен из ризосферы / тканей растения	BacDive DSMZ
Горох	Pseudomonas cichorii	12817	Pseudomonas	Не указана	Проверяется	Выделен из ризосферы / тканей растения	BacDive DSMZ
Горох	Pseudomonas citronellolis	12823	Pseudomonas	Не указана	Проверяется	Выделен из ризосферы / тканей растения	BacDive DSMZ
Горох	Pseudomonas edaphica	166232	Pseudomonas	Не указана	Проверяется	Выделен из ризосферы / тканей растения	BacDive DSMZ
Горох	Pseudomonas flavescens	13060	Pseudomonas	Не указана	Проверяется	Выделен из ризосферы / тканей растения	BacDive DSMZ
Горох	Pseudomonas fluorescens	12859	Pseudomonas	Не указана	Проверяется	Выделен из ризосферы / тканей растения	BacDive DSMZ
Горох	Pseudomonas glycinae	166380	Pseudomonas	Не указана	Проверяется	Выделен из ризосферы / тканей растения	BacDive DSMZ
Горох	Pseudomonas graminis	131075	Pseudomonas	Не указана	Проверяется	Выделен из ризосферы / тканей растения	BacDive DSMZ
Горох	Pseudomonas huaxiensis	164413	Pseudomonas	Не указана	Проверяется	Выделен из ризосферы / тканей растения	BacDive DSMZ
Горох	Pseudomonas jilinensis	166137	Pseudomonas	Не указана	Проверяется	Выделен из ризосферы / тканей растения	BacDive DSMZ
Горох	Pseudomonas laurylsulfativorans	159659	Pseudomonas	Не указана	Проверяется	Выделен из ризосферы / тканей растения	BacDive DSMZ
Горох	Pseudomonas luteola	13047	Pseudomonas	Не указана	Проверяется	Выделен из ризосферы / тканей растения	BacDive DSMZ
Горох	Pseudomonas luteola	13046	Pseudomonas	Не указана	Проверяется	Выделен из ризосферы / тканей растения	BacDive DSMZ
Горох	Pseudomonas nitroreducens	146190	Pseudomonas	Не указана	Проверяется	Выделен из ризосферы / тканей растения	BacDive DSMZ
Горох	Pseudomonas populi	140904	Pseudomonas	Не указана	Проверяется	Выделен из ризосферы / тканей растения	BacDive DSMZ
Горох	Pseudomonas profundi	158812	Pseudomonas	Не указана	Проверяется	Выделен из ризосферы / тканей растения	BacDive DSMZ
Горох	Pseudomonas putida	12924	Pseudomonas	Не указана	Проверяется	Выделен из ризосферы / тканей растения	BacDive DSMZ
Горох	Pseudomonas putida	12896	Pseudomonas	Не указана	Проверяется	Выделен из ризосферы / тканей растения	BacDive DSMZ
Горох	Pseudomonas qingdaonensis	164301	Pseudomonas	Не указана	Проверяется	Выделен из ризосферы / тканей растения	BacDive DSMZ
Горох	Pseudomonas reidholzensis	140983	Pseudomonas	Не указана	Проверяется	Выделен из ризосферы / тканей растения	BacDive DSMZ
Горох	Pseudomonas rhodesiae	12862	Pseudomonas	Не указана	Проверяется	Выделен из ризосферы / тканей растения	BacDive DSMZ
Горох	Pseudomonas saliphila	166315	Pseudomonas	Не указана	Проверяется	Выделен из ризосферы / тканей растения	BacDive DSMZ
Горох	Pseudomonas savastanoi	12932	Pseudomonas	Не указана	Проверяется	Выделен из ризосферы / тканей растения	BacDive DSMZ
Горох	Pseudomonas savastanoi	12927	Pseudomonas	Не указана	Проверяется	Выделен из ризосферы / тканей растения	BacDive DSMZ
Горох	Pseudomonas silesiensis	158344	Pseudomonas	Не указана	Проверяется	Выделен из ризосферы / тканей растения	BacDive DSMZ
Горох	Pseudomonas sivasensis	170903	Pseudomonas	Не указана	Проверяется	Выделен из ризосферы / тканей растения	BacDive DSMZ
Горох	Pseudomonas sp.	13089	Pseudomonas	Не указана	Проверяется	Выделен из ризосферы / тканей растения	BacDive DSMZ
Горох	Pseudomonas sp.	13088	Pseudomonas	Не указана	Проверяется	Выделен из ризосферы / тканей растения	BacDive DSMZ
Горох	Pseudomonas sp.	12991	Pseudomonas	Не указана	Проверяется	Выделен из ризосферы / тканей растения	BacDive DSMZ
Горох	Pseudomonas sp.	12990	Pseudomonas	Не указана	Проверяется	Выделен из ризосферы / тканей растения	BacDive DSMZ
Горох	Pseudomonas sp.	13090	Pseudomonas	Не указана	Проверяется	Выделен из ризосферы / тканей растения	BacDive DSMZ
Горох	Pseudomonas sp.	148954	Pseudomonas	Не указана	Проверяется	Выделен из ризосферы / тканей растения	BacDive DSMZ
Горох	Pseudomonas sp.	159036	Pseudomonas	Не указана	Проверяется	Выделен из ризосферы / тканей растения	BacDive DSMZ
Горох	Pseudomonas sp.	159035	Pseudomonas	Не указана	Проверяется	Выделен из ризосферы / тканей растения	BacDive DSMZ
Горох	Pseudomonas sp.	159034	Pseudomonas	Не указана	Проверяется	Выделен из ризосферы / тканей растения	BacDive DSMZ
Горох	Pseudomonas sp.	159033	Pseudomonas	Не указана	Проверяется	Выделен из ризосферы / тканей растения	BacDive DSMZ
Горох	Pseudomonas sp.	157815	Pseudomonas	Не указана	Проверяется	Выделен из ризосферы / тканей растения	BacDive DSMZ
Горох	Pseudomonas sp.	157814	Pseudomonas	Не указана	Проверяется	Выделен из ризосферы / тканей растения	BacDive DSMZ
Горох	Pseudomonas sp.	157813	Pseudomonas	Не указана	Проверяется	Выделен из ризосферы / тканей растения	BacDive DSMZ
Горох	Pseudomonas sp.	157810	Pseudomonas	Не указана	Проверяется	Выделен из ризосферы / тканей растения	BacDive DSMZ
Горох	Pseudomonas sp.	157809	Pseudomonas	Не указана	Проверяется	Выделен из ризосферы / тканей растения	BacDive DSMZ
Горох	Pseudomonas sp.	157808	Pseudomonas	Не указана	Проверяется	Выделен из ризосферы / тканей растения	BacDive DSMZ
Горох	Pseudomonas syringae	13020	Pseudomonas	Не указана	Проверяется	Выделен из ризосферы / тканей растения	BacDive DSMZ
Горох	Pseudomonas syringae	23205	Pseudomonas	Не указана	Проверяется	Выделен из ризосферы / тканей растения	BacDive DSMZ
Горох	Pseudomonas syringae	157475	Pseudomonas	Не указана	Проверяется	Выделен из ризосферы / тканей растения	BacDive DSMZ
Горох	Pseudomonas turukhanskensis	133231	Pseudomonas	Не указана	Проверяется	Выделен из ризосферы / тканей растения	BacDive DSMZ
Горох	Pseudomonas wadenswilerensis	140982	Pseudomonas	Не указана	Проверяется	Выделен из ризосферы / тканей растения	BacDive DSMZ
Картофель	Bacillus cereus	171576	Bacillus	Не указана	Проверяется	Выделен из ризосферы / тканей растения	BacDive DSMZ
Картофель	Bacillus subtilis	979	Bacillus	Не указана	Проверяется	Выделен из ризосферы / тканей растения	BacDive DSMZ
Картофель	Bacillus subtilis	157307	Bacillus	Не указана	Проверяется	Выделен из ризосферы / тканей растения	BacDive DSMZ
Картофель	Bacillus thuringiensis	1031	Bacillus	Не указана	Проверяется	Выделен из ризосферы / тканей растения	BacDive DSMZ
Картофель	Bacillus velezensis	153720	Bacillus	Не указана	Проверяется	Выделен из ризосферы / тканей растения	BacDive DSMZ
Картофель	Pseudomonas chlororaphis subsp. aureofaciens	12816	Pseudomonas	Не указана	Проверяется	Выделен из ризосферы / тканей растения	BacDive DSMZ
Картофель	Pseudomonas donghuensis	131382	Pseudomonas	Не указана	Проверяется	Выделен из ризосферы / тканей растения	BacDive DSMZ
Картофель	Pseudomonas endophytica	168177	Pseudomonas	Не указана	Проверяется	Выделен из ризосферы / тканей растения	BacDive DSMZ
Картофель	Pseudomonas grimontii	12865	Pseudomonas	Не указана	Проверяется	Выделен из ризосферы / тканей растения	BacDive DSMZ
Картофель	Pseudomonas nunensis	170568	Pseudomonas	Не указана	Проверяется	Выделен из ризосферы / тканей растения	BacDive DSMZ
Картофель	Pseudomonas punonensis	24438	Pseudomonas	Не указана	Проверяется	Выделен из ризосферы / тканей растения	BacDive DSMZ
Картофель	Pseudomonas tolaasii	13053	Pseudomonas	Не указана	Проверяется	Выделен из ризосферы / тканей растения	BacDive DSMZ
Подсолнечник	Pseudomonas aeruginosa	12795	Pseudomonas	Не указана	Проверяется	Выделен из ризосферы / тканей растения	BacDive DSMZ
Пшеница	Azospirillum baldaniorum	167292	Azospirillum	Не указана	Проверяется	Выделен из ризосферы / тканей растения	BacDive DSMZ
Пшеница	Azospirillum brasilense	146216	Azospirillum	Не указана	Проверяется	Выделен из ризосферы / тканей растения	BacDive DSMZ
Пшеница	Azospirillum brasilense	13980	Azospirillum	Не указана	Проверяется	Выделен из ризосферы / тканей растения	BacDive DSMZ
Пшеница	Azospirillum brasilense	13973	Azospirillum	Не указана	Проверяется	Выделен из ризосферы / тканей растения	BacDive DSMZ
Пшеница	Azospirillum brasilense	13972	Azospirillum	Не указана	Проверяется	Выделен из ризосферы / тканей растения	BacDive DSMZ
Пшеница	Azospirillum canadense	134232	Azospirillum	Не указана	Проверяется	Выделен из ризосферы / тканей растения	BacDive DSMZ
Пшеница	Azospirillum largimobile	13984	Azospirillum	Не указана	Проверяется	Выделен из ризосферы / тканей растения	BacDive DSMZ
Пшеница	Azospirillum largimobile	13983	Azospirillum	Не указана	Проверяется	Выделен из ризосферы / тканей растения	BacDive DSMZ
Пшеница	Azospirillum lipoferum	137718	Azospirillum	Не указана	Проверяется	Выделен из ризосферы / тканей растения	BacDive DSMZ
Пшеница	Azospirillum melinis	134169	Azospirillum	Не указана	Проверяется	Выделен из ризосферы / тканей растения	BacDive DSMZ
Пшеница	Azospirillum picis	13999	Azospirillum	Не указана	Проверяется	Выделен из ризосферы / тканей растения	BacDive DSMZ
Пшеница	Azospirillum rugosum	13998	Azospirillum	Не указана	Проверяется	Выделен из ризосферы / тканей растения	BacDive DSMZ
Пшеница	Azospirillum thiophilum	14000	Azospirillum	Не указана	Проверяется	Выделен из ризосферы / тканей растения	BacDive DSMZ
Пшеница	Azospirillum zeae	134266	Azospirillum	Не указана	Проверяется	Выделен из ризосферы / тканей растения	BacDive DSMZ
Пшеница	Bacillus amyloliquefaciens	598	Bacillus	Не указана	Проверяется	Выделен из ризосферы / тканей растения	BacDive DSMZ
Пшеница	Bacillus atrophaeus	1077	Bacillus	Не указана	Проверяется	Выделен из ризосферы / тканей растения	BacDive DSMZ
Пшеница	Bacillus cabrialesii	166294	Bacillus	Не указана	Проверяется	Выделен из ризосферы / тканей растения	BacDive DSMZ
Пшеница	Bacillus cereus	628	Bacillus	Не указана	Проверяется	Выделен из ризосферы / тканей растения	BacDive DSMZ
Пшеница	Bacillus cereus	624	Bacillus	Не указана	Проверяется	Выделен из ризосферы / тканей растения	BacDive DSMZ
Пшеница	Bacillus cereus	623	Bacillus	Не указана	Проверяется	Выделен из ризосферы / тканей растения	BacDive DSMZ
Пшеница	Bacillus cereus	605	Bacillus	Не указана	Проверяется	Выделен из ризосферы / тканей растения	BacDive DSMZ
Пшеница	Bacillus cereus	171577	Bacillus	Не указана	Проверяется	Выделен из ризосферы / тканей растения	BacDive DSMZ
Пшеница	Bacillus cereus	171509	Bacillus	Не указана	Проверяется	Выделен из ризосферы / тканей растения	BacDive DSMZ
Пшеница	Bacillus cereus	172006	Bacillus	Не указана	Проверяется	Выделен из ризосферы / тканей растения	BacDive DSMZ
Пшеница	Bacillus cereus	172116	Bacillus	Не указана	Проверяется	Выделен из ризосферы / тканей растения	BacDive DSMZ
Пшеница	Bacillus cereus	172115	Bacillus	Не указана	Проверяется	Выделен из ризосферы / тканей растения	BacDive DSMZ
Пшеница	Bacillus cereus	172095	Bacillus	Не указана	Проверяется	Выделен из ризосферы / тканей растения	BacDive DSMZ
Пшеница	Bacillus cytotoxicus	1323	Bacillus	Не указана	Проверяется	Выделен из ризосферы / тканей растения	BacDive DSMZ
Пшеница	Bacillus haynesii	140691	Bacillus	Не указана	Проверяется	Выделен из ризосферы / тканей растения	BacDive DSMZ
Пшеница	Bacillus inaquosorum	1289	Bacillus	Не указана	Проверяется	Выделен из ризосферы / тканей растения	BacDive DSMZ
Пшеница	Bacillus licheniformis	689	Bacillus	Не указана	Проверяется	Выделен из ризосферы / тканей растения	BacDive DSMZ
Пшеница	Bacillus mycoides	1153	Bacillus	Не указана	Проверяется	Выделен из ризосферы / тканей растения	BacDive DSMZ
Пшеница	Bacillus nakamurai	140523	Bacillus	Не указана	Проверяется	Выделен из ризосферы / тканей растения	BacDive DSMZ
Пшеница	Bacillus pseudomycoides	1151	Bacillus	Не указана	Проверяется	Выделен из ризосферы / тканей растения	BacDive DSMZ
Пшеница	Bacillus pumilus	756	Bacillus	Не указана	Проверяется	Выделен из ризосферы / тканей растения	BacDive DSMZ
Пшеница	Bacillus siamensis	1302	Bacillus	Не указана	Проверяется	Выделен из ризосферы / тканей растения	BacDive DSMZ
Пшеница	Bacillus sonorensis	1201	Bacillus	Не указана	Проверяется	Выделен из ризосферы / тканей растения	BacDive DSMZ
Пшеница	Bacillus sp.	836	Bacillus	Не указана	Проверяется	Выделен из ризосферы / тканей растения	BacDive DSMZ
Пшеница	Bacillus sp.	139695	Bacillus	Не указана	Проверяется	Выделен из ризосферы / тканей растения	BacDive DSMZ
Пшеница	Bacillus subtilis	1172	Bacillus	Не указана	Проверяется	Выделен из ризосферы / тканей растения	BacDive DSMZ
Пшеница	Bacillus tequilensis	134164	Bacillus	Не указана	Проверяется	Выделен из ризосферы / тканей растения	BacDive DSMZ
Пшеница	Bacillus tianshenii	23717	Bacillus	Не указана	Проверяется	Выделен из ризосферы / тканей растения	BacDive DSMZ
Пшеница	Bacillus vallismortis	1150	Bacillus	Не указана	Проверяется	Выделен из ризосферы / тканей растения	BacDive DSMZ
Пшеница	Bacillus velezensis	1310	Bacillus	Не указана	Проверяется	Выделен из ризосферы / тканей растения	BacDive DSMZ
Пшеница	Bacillus wiedmannii	133012	Bacillus	Не указана	Проверяется	Выделен из ризосферы / тканей растения	BacDive DSMZ
Пшеница	Heyndrickxia coagulans	650	Bacillus	Не указана	Проверяется	Выделен из ризосферы / тканей растения	BacDive DSMZ
Пшеница	Niallia circulans	642	Bacillus	Не указана	Проверяется	Выделен из ризосферы / тканей растения	BacDive DSMZ
Пшеница	Pseudomonas aeruginosa	12800	Pseudomonas	Не указана	Проверяется	Выделен из ризосферы / тканей растения	BacDive DSMZ
Пшеница	Pseudomonas aeruginosa	12784	Pseudomonas	Не указана	Проверяется	Выделен из ризосферы / тканей растения	BacDive DSMZ
Пшеница	Pseudomonas aeruginosa	12768	Pseudomonas	Не указана	Проверяется	Выделен из ризосферы / тканей растения	BacDive DSMZ
Пшеница	Pseudomonas aeruginosa	12758	Pseudomonas	Не указана	Проверяется	Выделен из ризосферы / тканей растения	BacDive DSMZ
Пшеница	Pseudomonas aeruginosa	134453	Pseudomonas	Не указана	Проверяется	Выделен из ризосферы / тканей растения	BacDive DSMZ
Пшеница	Pseudomonas aeruginosa	137804	Pseudomonas	Не указана	Проверяется	Выделен из ризосферы / тканей растения	BacDive DSMZ
Пшеница	Pseudomonas aeruginosa	163413	Pseudomonas	Не указана	Проверяется	Выделен из ризосферы / тканей растения	BacDive DSMZ
Пшеница	Pseudomonas alcaligenes	12807	Pseudomonas	Не указана	Проверяется	Выделен из ризосферы / тканей растения	BacDive DSMZ
Пшеница	Pseudomonas azotoformans	13141	Pseudomonas	Не указана	Проверяется	Выделен из ризосферы / тканей растения	BacDive DSMZ
Пшеница	Pseudomonas baetica	13189	Pseudomonas	Не указана	Проверяется	Выделен из ризосферы / тканей растения	BacDive DSMZ
Пшеница	Pseudomonas brassicacearum	176791	Pseudomonas	Не указана	Проверяется	Выделен из ризосферы / тканей растения	BacDive DSMZ
Пшеница	Pseudomonas brassicacearum subsp. neoaurantiaca	13174	Pseudomonas	Не указана	Проверяется	Выделен из ризосферы / тканей растения	BacDive DSMZ
Пшеница	Pseudomonas brenneri	13087	Pseudomonas	Не указана	Проверяется	Выделен из ризосферы / тканей растения	BacDive DSMZ
Пшеница	Pseudomonas chlororaphis	13160	Pseudomonas	Не указана	Проверяется	Выделен из ризосферы / тканей растения	BacDive DSMZ
Пшеница	Pseudomonas chlororaphis subsp. aureofaciens	13158	Pseudomonas	Не указана	Проверяется	Выделен из ризосферы / тканей растения	BacDive DSMZ
Пшеница	Pseudomonas corrugata	13044	Pseudomonas	Не указана	Проверяется	Выделен из ризосферы / тканей растения	BacDive DSMZ
Пшеница	Pseudomonas crudilactis	169712	Pseudomonas	Не указана	Проверяется	Выделен из ризосферы / тканей растения	BacDive DSMZ
Пшеница	Pseudomonas cyclaminis	167286	Pseudomonas	Не указана	Проверяется	Выделен из ризосферы / тканей растения	BacDive DSMZ
Пшеница	Pseudomonas extremorientalis	13091	Pseudomonas	Не указана	Проверяется	Выделен из ризосферы / тканей растения	BacDive DSMZ
Пшеница	Pseudomonas fluorescens	12851	Pseudomonas	Не указана	Проверяется	Выделен из ризосферы / тканей растения	BacDive DSMZ
Пшеница	Pseudomonas folii	170027	Pseudomonas	Не указана	Проверяется	Выделен из ризосферы / тканей растения	BacDive DSMZ
Пшеница	Pseudomonas frederiksbergensis	13063	Pseudomonas	Не указана	Проверяется	Выделен из ризосферы / тканей растения	BacDive DSMZ
Пшеница	Pseudomonas granadensis	130577	Pseudomonas	Не указана	Проверяется	Выделен из ризосферы / тканей растения	BacDive DSMZ
Пшеница	Pseudomonas japonica	13165	Pseudomonas	Не указана	Проверяется	Выделен из ризосферы / тканей растения	BacDive DSMZ
Пшеница	Pseudomonas jessenii	13111	Pseudomonas	Не указана	Проверяется	Выделен из ризосферы / тканей растения	BacDive DSMZ
Пшеница	Pseudomonas koreensis	13097	Pseudomonas	Не указана	Проверяется	Выделен из ризосферы / тканей растения	BacDive DSMZ
Пшеница	Pseudomonas lactis	140299	Pseudomonas	Не указана	Проверяется	Выделен из ризосферы / тканей растения	BacDive DSMZ
Пшеница	Pseudomonas linyingensis	168024	Pseudomonas	Не указана	Проверяется	Выделен из ризосферы / тканей растения	BacDive DSMZ
Пшеница	Pseudomonas lurida	13092	Pseudomonas	Не указана	Проверяется	Выделен из ризосферы / тканей растения	BacDive DSMZ
Пшеница	Pseudomonas mendocina	12866	Pseudomonas	Не указана	Проверяется	Выделен из ризосферы / тканей растения	BacDive DSMZ
Пшеница	Pseudomonas nitritireducens	170026	Pseudomonas	Не указана	Проверяется	Выделен из ризосферы / тканей растения	BacDive DSMZ
Пшеница	Pseudomonas nitroreducens	13080	Pseudomonas	Не указана	Проверяется	Выделен из ризосферы / тканей растения	BacDive DSMZ
Пшеница	Pseudomonas oryzihabitans	13048	Pseudomonas	Не указана	Проверяется	Выделен из ризосферы / тканей растения	BacDive DSMZ
Пшеница	Pseudomonas pergaminensis	174705	Pseudomonas	Не указана	Проверяется	Выделен из ризосферы / тканей растения	BacDive DSMZ
Пшеница	Pseudomonas plecoglossicida	13086	Pseudomonas	Не указана	Проверяется	Выделен из ризосферы / тканей растения	BacDive DSMZ
Пшеница	Pseudomonas prosekii	169070	Pseudomonas	Не указана	Проверяется	Выделен из ризосферы / тканей растения	BacDive DSMZ
Пшеница	Pseudomonas protegens	13154	Pseudomonas	Не указана	Проверяется	Выделен из ризосферы / тканей растения	BacDive DSMZ
Пшеница	Pseudomonas proteolytica	13095	Pseudomonas	Не указана	Проверяется	Выделен из ризосферы / тканей растения	BacDive DSMZ
Пшеница	Pseudomonas psychrotolerans	13105	Pseudomonas	Не указана	Проверяется	Выделен из ризосферы / тканей растения	BacDive DSMZ
Пшеница	Pseudomonas putida	12871	Pseudomonas	Не указана	Проверяется	Выделен из ризосферы / тканей растения	BacDive DSMZ
Пшеница	Pseudomonas resinovorans	13147	Pseudomonas	Не указана	Проверяется	Выделен из ризосферы / тканей растения	BacDive DSMZ
Пшеница	Pseudomonas serbica	175992	Pseudomonas	Не указана	Проверяется	Выделен из ризосферы / тканей растения	BacDive DSMZ
Пшеница	Pseudomonas serboccidentalis	175993	Pseudomonas	Не указана	Проверяется	Выделен из ризосферы / тканей растения	BacDive DSMZ
Пшеница	Pseudomonas sp.	176547	Pseudomonas	Не указана	Проверяется	Выделен из ризосферы / тканей растения	BacDive DSMZ
Пшеница	Pseudomonas sp.	176546	Pseudomonas	Не указана	Проверяется	Выделен из ризосферы / тканей растения	BacDive DSMZ
Пшеница	Pseudomonas sp.	176545	Pseudomonas	Не указана	Проверяется	Выделен из ризосферы / тканей растения	BacDive DSMZ
Пшеница	Pseudomonas sp.	176544	Pseudomonas	Не указана	Проверяется	Выделен из ризосферы / тканей растения	BacDive DSMZ
Пшеница	Pseudomonas sp.	176543	Pseudomonas	Не указана	Проверяется	Выделен из ризосферы / тканей растения	BacDive DSMZ
Пшеница	Pseudomonas sp.	176542	Pseudomonas	Не указана	Проверяется	Выделен из ризосферы / тканей растения	BacDive DSMZ
Пшеница	Pseudomonas sp.	176541	Pseudomonas	Не указана	Проверяется	Выделен из ризосферы / тканей растения	BacDive DSMZ
Пшеница	Pseudomonas sp.	176540	Pseudomonas	Не указана	Проверяется	Выделен из ризосферы / тканей растения	BacDive DSMZ
Пшеница	Pseudomonas sp.	176539	Pseudomonas	Не указана	Проверяется	Выделен из ризосферы / тканей растения	BacDive DSMZ
Пшеница	Pseudomonas sp.	176538	Pseudomonas	Не указана	Проверяется	Выделен из ризосферы / тканей растения	BacDive DSMZ
Пшеница	Pseudomonas sp.	176537	Pseudomonas	Не указана	Проверяется	Выделен из ризосферы / тканей растения	BacDive DSMZ
Пшеница	Pseudomonas sp.	176536	Pseudomonas	Не указана	Проверяется	Выделен из ризосферы / тканей растения	BacDive DSMZ
Пшеница	Pseudomonas sp.	176554	Pseudomonas	Не указана	Проверяется	Выделен из ризосферы / тканей растения	BacDive DSMZ
Пшеница	Pseudomonas sp.	176553	Pseudomonas	Не указана	Проверяется	Выделен из ризосферы / тканей растения	BacDive DSMZ
Пшеница	Pseudomonas sp.	176552	Pseudomonas	Не указана	Проверяется	Выделен из ризосферы / тканей растения	BacDive DSMZ
Пшеница	Pseudomonas sp.	176551	Pseudomonas	Не указана	Проверяется	Выделен из ризосферы / тканей растения	BacDive DSMZ
Пшеница	Pseudomonas syringae	13027	Pseudomonas	Не указана	Проверяется	Выделен из ризосферы / тканей растения	BacDive DSMZ
Пшеница	Pseudomonas syringae	13026	Pseudomonas	Не указана	Проверяется	Выделен из ризосферы / тканей растения	BacDive DSMZ
Пшеница	Pseudomonas syringae	13024	Pseudomonas	Не указана	Проверяется	Выделен из ризосферы / тканей растения	BacDive DSMZ
Пшеница	Pseudomonas syringae	24421	Pseudomonas	Не указана	Проверяется	Выделен из ризосферы / тканей растения	BacDive DSMZ
Пшеница	Pseudomonas syringae	24420	Pseudomonas	Не указана	Проверяется	Выделен из ризосферы / тканей растения	BacDive DSMZ
Пшеница	Pseudomonas syringae	157454	Pseudomonas	Не указана	Проверяется	Выделен из ризосферы / тканей растения	BacDive DSMZ
Пшеница	Pseudomonas thivervalensis	13066	Pseudomonas	Не указана	Проверяется	Выделен из ризосферы / тканей растения	BacDive DSMZ
Пшеница	Pseudomonas triticifolii	170028	Pseudomonas	Не указана	Проверяется	Выделен из ризосферы / тканей растения	BacDive DSMZ
Рис	Azospirillum isscasi	175857	Azospirillum	Не указана	Проверяется	Выделен из ризосферы / тканей растения	BacDive DSMZ
Рис	Azospirillum oryzae	134118	Azospirillum	Не указана	Проверяется	Выделен из ризосферы / тканей растения	BacDive DSMZ
Рис	Azospirillum sp.	161536	Azospirillum	Не указана	Проверяется	Выделен из ризосферы / тканей растения	BacDive DSMZ
Рис	Azospirillum sp.	161518	Azospirillum	Не указана	Проверяется	Выделен из ризосферы / тканей растения	BacDive DSMZ
Рис	Azospirillum sp.	161517	Azospirillum	Не указана	Проверяется	Выделен из ризосферы / тканей растения	BacDive DSMZ
Рис	Bacillus benzoevorans	1069	Bacillus	Не указана	Проверяется	Выделен из ризосферы / тканей растения	BacDive DSMZ
Рис	Bacillus bingmayongensis	23663	Bacillus	Не указана	Проверяется	Выделен из ризосферы / тканей растения	BacDive DSMZ
Рис	Bacillus cereus	622	Bacillus	Не указана	Проверяется	Выделен из ризосферы / тканей растения	BacDive DSMZ
Рис	Bacillus cereus	137410	Bacillus	Не указана	Проверяется	Выделен из ризосферы / тканей растения	BacDive DSMZ
Рис	Bacillus cereus	139523	Bacillus	Не указана	Проверяется	Выделен из ризосферы / тканей растения	BacDive DSMZ
Рис	Bacillus cereus	139039	Bacillus	Не указана	Проверяется	Выделен из ризосферы / тканей растения	BacDive DSMZ
Рис	Bacillus cereus	171860	Bacillus	Не указана	Проверяется	Выделен из ризосферы / тканей растения	BacDive DSMZ
Рис	Bacillus cereus	171859	Bacillus	Не указана	Проверяется	Выделен из ризосферы / тканей растения	BacDive DSMZ
Рис	Bacillus cereus	171857	Bacillus	Не указана	Проверяется	Выделен из ризосферы / тканей растения	BacDive DSMZ
Рис	Bacillus cereus	172100	Bacillus	Не указана	Проверяется	Выделен из ризосферы / тканей растения	BacDive DSMZ
Рис	Bacillus cereus	172096	Bacillus	Не указана	Проверяется	Выделен из ризосферы / тканей растения	BacDive DSMZ
Рис	Bacillus cereus	172217	Bacillus	Не указана	Проверяется	Выделен из ризосферы / тканей растения	BacDive DSMZ
Рис	Bacillus halotolerans	1847	Bacillus	Не указана	Проверяется	Выделен из ризосферы / тканей растения	BacDive DSMZ
Рис	Bacillus infantis	1265	Bacillus	Не указана	Проверяется	Выделен из ризосферы / тканей растения	BacDive DSMZ
Рис	Bacillus licheniformis	135707	Bacillus	Не указана	Проверяется	Выделен из ризосферы / тканей растения	BacDive DSMZ
Рис	Bacillus mojavensis	1093	Bacillus	Не указана	Проверяется	Выделен из ризосферы / тканей растения	BacDive DSMZ
Рис	Bacillus mycoides	745	Bacillus	Не указана	Проверяется	Выделен из ризосферы / тканей растения	BacDive DSMZ
Рис	Bacillus paramycoides	140968	Bacillus	Не указана	Проверяется	Выделен из ризосферы / тканей растения	BacDive DSMZ
Рис	Bacillus pumilus	751	Bacillus	Не указана	Проверяется	Выделен из ризосферы / тканей растения	BacDive DSMZ
Рис	Bacillus subtilis	1003	Bacillus	Не указана	Проверяется	Выделен из ризосферы / тканей растения	BacDive DSMZ
Рис	Bacillus subtilis	135900	Bacillus	Не указана	Проверяется	Выделен из ризосферы / тканей растения	BacDive DSMZ
Рис	Bacillus thuringiensis	139229	Bacillus	Не указана	Проверяется	Выделен из ризосферы / тканей растения	BacDive DSMZ
Рис	Bacillus timonensis	1320	Bacillus	Не указана	Проверяется	Выделен из ризосферы / тканей растения	BacDive DSMZ
Рис	Bacillus velezensis	23706	Bacillus	Не указана	Проверяется	Выделен из ризосферы / тканей растения	BacDive DSMZ
Рис	Niallia oryzisoli	132616	Bacillus	Не указана	Проверяется	Выделен из ризосферы / тканей растения	BacDive DSMZ
Рис	Pseudomonas aeruginosa	12804	Pseudomonas	Не указана	Проверяется	Выделен из ризосферы / тканей растения	BacDive DSMZ
Рис	Pseudomonas aeruginosa	12759	Pseudomonas	Не указана	Проверяется	Выделен из ризосферы / тканей растения	BacDive DSMZ
Рис	Pseudomonas aeruginosa	136907	Pseudomonas	Не указана	Проверяется	Выделен из ризосферы / тканей растения	BacDive DSMZ
Рис	Pseudomonas aeruginosa	162724	Pseudomonas	Не указана	Проверяется	Выделен из ризосферы / тканей растения	BacDive DSMZ
Рис	Pseudomonas anguilliseptica	13061	Pseudomonas	Не указана	Проверяется	Выделен из ризосферы / тканей растения	BacDive DSMZ
Рис	Pseudomonas antarctica	13093	Pseudomonas	Не указана	Проверяется	Выделен из ризосферы / тканей растения	BacDive DSMZ
Рис	Pseudomonas asplenii	13049	Pseudomonas	Не указана	Проверяется	Выделен из ризосферы / тканей растения	BacDive DSMZ
Рис	Pseudomonas beijingensis	175988	Pseudomonas	Не указана	Проверяется	Выделен из ризосферы / тканей растения	BacDive DSMZ
Рис	Pseudomonas cremoricolorata	13109	Pseudomonas	Не указана	Проверяется	Выделен из ризосферы / тканей растения	BacDive DSMZ
Рис	Pseudomonas entomophila	24436	Pseudomonas	Не указана	Проверяется	Выделен из ризосферы / тканей растения	BacDive DSMZ
Рис	Pseudomonas fragi	12861	Pseudomonas	Не указана	Проверяется	Выделен из ризосферы / тканей растения	BacDive DSMZ
Рис	Pseudomonas fulva	13126	Pseudomonas	Не указана	Проверяется	Выделен из ризосферы / тканей растения	BacDive DSMZ
Рис	Pseudomonas gessardii	13110	Pseudomonas	Не указана	Проверяется	Выделен из ризосферы / тканей растения	BacDive DSMZ
Рис	Pseudomonas guangdongensis	130575	Pseudomonas	Не указана	Проверяется	Выделен из ризосферы / тканей растения	BacDive DSMZ
Рис	Pseudomonas lundensis	13017	Pseudomonas	Не указана	Проверяется	Выделен из ризосферы / тканей растения	BacDive DSMZ
Рис	Pseudomonas majoricensis	157061	Pseudomonas	Не указана	Проверяется	Выделен из ризосферы / тканей растения	BacDive DSMZ
Рис	Pseudomonas marginalis	12863	Pseudomonas	Не указана	Проверяется	Выделен из ризосферы / тканей растения	BacDive DSMZ
Рис	Pseudomonas monteilii	13074	Pseudomonas	Не указана	Проверяется	Выделен из ризосферы / тканей растения	BacDive DSMZ
Рис	Pseudomonas mosselii	13117	Pseudomonas	Не указана	Проверяется	Выделен из ризосферы / тканей растения	BacDive DSMZ
Рис	Pseudomonas oryzagri	170043	Pseudomonas	Не указана	Проверяется	Выделен из ризосферы / тканей растения	BacDive DSMZ
Рис	Pseudomonas oryzihabitans	164841	Pseudomonas	Не указана	Проверяется	Выделен из ризосферы / тканей растения	BacDive DSMZ
Рис	Pseudomonas oryzihabitans	164840	Pseudomonas	Не указана	Проверяется	Выделен из ризосферы / тканей растения	BacDive DSMZ
Рис	Pseudomonas oryzihabitans	164839	Pseudomonas	Не указана	Проверяется	Выделен из ризосферы / тканей растения	BacDive DSMZ
Рис	Pseudomonas oryzihabitans	164838	Pseudomonas	Не указана	Проверяется	Выделен из ризосферы / тканей растения	BacDive DSMZ
Рис	Pseudomonas oryzihabitans	164837	Pseudomonas	Не указана	Проверяется	Выделен из ризосферы / тканей растения	BacDive DSMZ
Рис	Pseudomonas oryzihabitans	164836	Pseudomonas	Не указана	Проверяется	Выделен из ризосферы / тканей растения	BacDive DSMZ
Рис	Pseudomonas oryzihabitans	164835	Pseudomonas	Не указана	Проверяется	Выделен из ризосферы / тканей растения	BacDive DSMZ
Рис	Pseudomonas oryzihabitans	164834	Pseudomonas	Не указана	Проверяется	Выделен из ризосферы / тканей растения	BacDive DSMZ
Рис	Pseudomonas oryzihabitans	164833	Pseudomonas	Не указана	Проверяется	Выделен из ризосферы / тканей растения	BacDive DSMZ
Рис	Pseudomonas oryzihabitans	164832	Pseudomonas	Не указана	Проверяется	Выделен из ризосферы / тканей растения	BacDive DSMZ
Рис	Pseudomonas oryzihabitans	164830	Pseudomonas	Не указана	Проверяется	Выделен из ризосферы / тканей растения	BacDive DSMZ
Рис	Pseudomonas oryzihabitans	164829	Pseudomonas	Не указана	Проверяется	Выделен из ризосферы / тканей растения	BacDive DSMZ
Рис	Pseudomonas otitidis	13113	Pseudomonas	Не указана	Проверяется	Выделен из ризосферы / тканей растения	BacDive DSMZ
Рис	Pseudomonas palleroniana	13107	Pseudomonas	Не указана	Проверяется	Выделен из ризосферы / тканей растения	BacDive DSMZ
Рис	Pseudomonas paraeruginosa	12760	Pseudomonas	Не указана	Проверяется	Выделен из ризосферы / тканей растения	BacDive DSMZ
Рис	Pseudomonas parafulva	13108	Pseudomonas	Не указана	Проверяется	Выделен из ризосферы / тканей растения	BacDive DSMZ
Рис	Pseudomonas putida	134979	Pseudomonas	Не указана	Проверяется	Выделен из ризосферы / тканей растения	BacDive DSMZ
Рис	Pseudomonas putida	162815	Pseudomonas	Не указана	Проверяется	Выделен из ризосферы / тканей растения	BacDive DSMZ
Рис	Pseudomonas putida	162701	Pseudomonas	Не указана	Проверяется	Выделен из ризосферы / тканей растения	BacDive DSMZ
Рис	Pseudomonas rhizoryzae	164481	Pseudomonas	Не указана	Проверяется	Выделен из ризосферы / тканей растения	BacDive DSMZ
Рис	Pseudomonas sagittaria	24439	Pseudomonas	Не указана	Проверяется	Выделен из ризосферы / тканей растения	BacDive DSMZ
Рис	Pseudomonas salomonii	158046	Pseudomonas	Не указана	Проверяется	Выделен из ризосферы / тканей растения	BacDive DSMZ
Рис	Pseudomonas saponiphila	13187	Pseudomonas	Не указана	Проверяется	Выделен из ризосферы / тканей растения	BacDive DSMZ
Рис	Pseudomonas sp.	157811	Pseudomonas	Не указана	Проверяется	Выделен из ризосферы / тканей растения	BacDive DSMZ
Рис	Pseudomonas sp.	173621	Pseudomonas	Не указана	Проверяется	Выделен из ризосферы / тканей растения	BacDive DSMZ
Рис	Pseudomonas straminea	13128	Pseudomonas	Не указана	Проверяется	Выделен из ризосферы / тканей растения	BacDive DSMZ
Рис	Pseudomonas syringae	130572	Pseudomonas	Не указана	Проверяется	Выделен из ризосферы / тканей растения	BacDive DSMZ
Рис	Pseudomonas taetrolens	13148	Pseudomonas	Не указана	Проверяется	Выделен из ризосферы / тканей растения	BacDive DSMZ
Рис	Pseudomonas viridiflava	13016	Pseudomonas	Не указана	Проверяется	Выделен из ризосферы / тканей растения	BacDive DSMZ
Рис	Pseudomonas viridiflava	24401	Pseudomonas	Не указана	Проверяется	Выделен из ризосферы / тканей растения	BacDive DSMZ
Рожь	Bacillus cereus	621	Bacillus	Не указана	Проверяется	Выделен из ризосферы / тканей растения	BacDive DSMZ
Рожь	Pseudomonas aeruginosa	12801	Pseudomonas	Не указана	Проверяется	Выделен из ризосферы / тканей растения	BacDive DSMZ
Рожь	Pseudomonas aeruginosa	12764	Pseudomonas	Не указана	Проверяется	Выделен из ризосферы / тканей растения	BacDive DSMZ
Рожь	Pseudomonas campi	166589	Pseudomonas	Не указана	Проверяется	Выделен из ризосферы / тканей растения	BacDive DSMZ
Рожь	Pseudomonas fluorescens	12852	Pseudomonas	Не указана	Проверяется	Выделен из ризосферы / тканей растения	BacDive DSMZ
Рожь	Pseudomonas guryensis	168167	Pseudomonas	Не указана	Проверяется	Выделен из ризосферы / тканей растения	BacDive DSMZ
Рожь	Pseudomonas oleovorans	12867	Pseudomonas	Не указана	Проверяется	Выделен из ризосферы / тканей растения	BacDive DSMZ
Рожь	Pseudomonas putida	12901	Pseudomonas	Не указана	Проверяется	Выделен из ризосферы / тканей растения	BacDive DSMZ
Рожь	Pseudomonas ullengensis	167222	Pseudomonas	Не указана	Проверяется	Выделен из ризосферы / тканей растения	BacDive DSMZ
Соя	Bacillus altitudinis	1263	Bacillus	Не указана	Проверяется	Выделен из ризосферы / тканей растения	BacDive DSMZ
Соя	Bacillus benzoevorans	1071	Bacillus	Не указана	Проверяется	Выделен из ризосферы / тканей растения	BacDive DSMZ
Соя	Bacillus benzoevorans	1068	Bacillus	Не указана	Проверяется	Выделен из ризосферы / тканей растения	BacDive DSMZ
Соя	Bacillus cereus	625	Bacillus	Не указана	Проверяется	Выделен из ризосферы / тканей растения	BacDive DSMZ
Соя	Bacillus cereus	172104	Bacillus	Не указана	Проверяется	Выделен из ризосферы / тканей растения	BacDive DSMZ
Соя	Bacillus ectoiniformans	132385	Bacillus	Не указана	Проверяется	Выделен из ризосферы / тканей растения	BacDive DSMZ
Соя	Bacillus glycinifermentans	167765	Bacillus	Не указана	Проверяется	Выделен из ризосферы / тканей растения	BacDive DSMZ
Соя	Bacillus licheniformis	688	Bacillus	Не указана	Проверяется	Выделен из ризосферы / тканей растения	BacDive DSMZ
Соя	Bacillus paralicheniformis	168081	Bacillus	Не указана	Проверяется	Выделен из ризосферы / тканей растения	BacDive DSMZ
Соя	Bacillus pumilus	752	Bacillus	Не указана	Проверяется	Выделен из ризосферы / тканей растения	BacDive DSMZ
Соя	Bacillus pumilus	757	Bacillus	Не указана	Проверяется	Выделен из ризосферы / тканей растения	BacDive DSMZ
Соя	Bacillus safensis subsp. safensis	1264	Bacillus	Не указана	Проверяется	Выделен из ризосферы / тканей растения	BacDive DSMZ
Соя	Bacillus subtilis	966	Bacillus	Не указана	Проверяется	Выделен из ризосферы / тканей растения	BacDive DSMZ
Соя	Bacillus subtilis	965	Bacillus	Не указана	Проверяется	Выделен из ризосферы / тканей растения	BacDive DSMZ
Соя	Bacillus subtilis	1186	Bacillus	Не указана	Проверяется	Выделен из ризосферы / тканей растения	BacDive DSMZ
Соя	Bacillus subtilis	1176	Bacillus	Не указана	Проверяется	Выделен из ризосферы / тканей растения	BacDive DSMZ
Соя	Bacillus subtilis	1175	Bacillus	Не указана	Проверяется	Выделен из ризосферы / тканей растения	BacDive DSMZ
Соя	Bacillus subtilis	1173	Bacillus	Не указана	Проверяется	Выделен из ризосферы / тканей растения	BacDive DSMZ
Соя	Bacillus subtilis	1160	Bacillus	Не указана	Проверяется	Выделен из ризосферы / тканей растения	BacDive DSMZ
Соя	Bacillus subtilis	1156	Bacillus	Не указана	Проверяется	Выделен из ризосферы / тканей растения	BacDive DSMZ
Соя	Bacillus subtilis	136375	Bacillus	Не указана	Проверяется	Выделен из ризосферы / тканей растения	BacDive DSMZ
Соя	Bacillus subtilis	162758	Bacillus	Не указана	Проверяется	Выделен из ризосферы / тканей растения	BacDive DSMZ
Соя	Bacillus subtilis	162755	Bacillus	Не указана	Проверяется	Выделен из ризосферы / тканей растения	BacDive DSMZ
Соя	Bacillus subtilis	162746	Bacillus	Не указана	Проверяется	Выделен из ризосферы / тканей растения	BacDive DSMZ
Соя	Bacillus subtilis	162738	Bacillus	Не указана	Проверяется	Выделен из ризосферы / тканей растения	BacDive DSMZ
Соя	Bacillus subtilis	162736	Bacillus	Не указана	Проверяется	Выделен из ризосферы / тканей растения	BacDive DSMZ
Соя	Bacillus subtilis	162729	Bacillus	Не указана	Проверяется	Выделен из ризосферы / тканей растения	BacDive DSMZ
Соя	Bacillus subtilis	162718	Bacillus	Не указана	Проверяется	Выделен из ризосферы / тканей растения	BacDive DSMZ
Соя	Bacillus subtilis	162708	Bacillus	Не указана	Проверяется	Выделен из ризосферы / тканей растения	BacDive DSMZ
Соя	Bacillus subtilis	162706	Bacillus	Не указана	Проверяется	Выделен из ризосферы / тканей растения	BacDive DSMZ
Соя	Bacillus thuringiensis	1012	Bacillus	Не указана	Проверяется	Выделен из ризосферы / тканей растения	BacDive DSMZ
Соя	Pseudomonas aeruginosa	24865	Pseudomonas	Не указана	Проверяется	Выделен из ризосферы / тканей растения	BacDive DSMZ
Соя	Pseudomonas akapageensis	164624	Pseudomonas	Не указана	Проверяется	Выделен из ризосферы / тканей растения	BacDive DSMZ
Соя	Pseudomonas aphyarum	176000	Pseudomonas	Не указана	Проверяется	Выделен из ризосферы / тканей растения	BacDive DSMZ
Соя	Pseudomonas asturiensis	130574	Pseudomonas	Не указана	Проверяется	Выделен из ризосферы / тканей растения	BacDive DSMZ
Соя	Pseudomonas citronellolis	12821	Pseudomonas	Не указана	Проверяется	Выделен из ризосферы / тканей растения	BacDive DSMZ
Соя	Pseudomonas congelans	13085	Pseudomonas	Не указана	Проверяется	Выделен из ризосферы / тканей растения	BacDive DSMZ
Соя	Pseudomonas deceptionensis	13185	Pseudomonas	Не указана	Проверяется	Выделен из ризосферы / тканей растения	BacDive DSMZ
Соя	Pseudomonas ficuserectae	13168	Pseudomonas	Не указана	Проверяется	Выделен из ризосферы / тканей растения	BacDive DSMZ
Соя	Pseudomonas fluorescens	12853	Pseudomonas	Не указана	Проверяется	Выделен из ризосферы / тканей растения	BacDive DSMZ
Соя	Pseudomonas fluorescens	12846	Pseudomonas	Не указана	Проверяется	Выделен из ризосферы / тканей растения	BacDive DSMZ
Соя	Pseudomonas fluorescens	12845	Pseudomonas	Не указана	Проверяется	Выделен из ризосферы / тканей растения	BacDive DSMZ
Соя	Pseudomonas fluorescens	12844	Pseudomonas	Не указана	Проверяется	Выделен из ризосферы / тканей растения	BacDive DSMZ
Соя	Pseudomonas fluorescens	12835	Pseudomonas	Не указана	Проверяется	Выделен из ризосферы / тканей растения	BacDive DSMZ
Соя	Pseudomonas fluorescens	12834	Pseudomonas	Не указана	Проверяется	Выделен из ризосферы / тканей растения	BacDive DSMZ
Соя	Pseudomonas fluorescens	12833	Pseudomonas	Не указана	Проверяется	Выделен из ризосферы / тканей растения	BacDive DSMZ
Соя	Pseudomonas fontis	176002	Pseudomonas	Не указана	Проверяется	Выделен из ризосферы / тканей растения	BacDive DSMZ
Соя	Pseudomonas frederiksbergensis	131078	Pseudomonas	Не указана	Проверяется	Выделен из ризосферы / тканей растения	BacDive DSMZ
Соя	Pseudomonas graminis	13062	Pseudomonas	Не указана	Проверяется	Выделен из ризосферы / тканей растения	BacDive DSMZ
Соя	Pseudomonas guineae	13161	Pseudomonas	Не указана	Проверяется	Выделен из ризосферы / тканей растения	BacDive DSMZ
Соя	Pseudomonas haemolytica	168358	Pseudomonas	Не указана	Проверяется	Выделен из ризосферы / тканей растения	BacDive DSMZ
Соя	Pseudomonas hydrolytica	160316	Pseudomonas	Не указана	Проверяется	Выделен из ризосферы / тканей растения	BacDive DSMZ
Соя	Pseudomonas kribbensis	131891	Pseudomonas	Не указана	Проверяется	Выделен из ризосферы / тканей растения	BacDive DSMZ
Соя	Pseudomonas moraviensis	159531	Pseudomonas	Не указана	Проверяется	Выделен из ризосферы / тканей растения	BacDive DSMZ
Соя	Pseudomonas nitroreducens	13077	Pseudomonas	Не указана	Проверяется	Выделен из ризосферы / тканей растения	BacDive DSMZ
Соя	Pseudomonas oleovorans	12868	Pseudomonas	Не указана	Проверяется	Выделен из ризосферы / тканей растения	BacDive DSMZ
Соя	Pseudomonas oleovorans subsp. lubricantis	13179	Pseudomonas	Не указана	Проверяется	Выделен из ризосферы / тканей растения	BacDive DSMZ
Соя	Pseudomonas poae	13083	Pseudomonas	Не указана	Проверяется	Выделен из ризосферы / тканей растения	BacDive DSMZ
Соя	Pseudomonas psychrophila	13120	Pseudomonas	Не указана	Проверяется	Выделен из ризосферы / тканей растения	BacDive DSMZ
Соя	Pseudomonas putida	12911	Pseudomonas	Не указана	Проверяется	Выделен из ризосферы / тканей растения	BacDive DSMZ
Соя	Pseudomonas putida	12909	Pseudomonas	Не указана	Проверяется	Выделен из ризосферы / тканей растения	BacDive DSMZ
Соя	Pseudomonas putida	12904	Pseudomonas	Не указана	Проверяется	Выделен из ризосферы / тканей растения	BacDive DSMZ
Соя	Pseudomonas putida	134429	Pseudomonas	Не указана	Проверяется	Выделен из ризосферы / тканей растения	BacDive DSMZ
Соя	Pseudomonas savastanoi	12928	Pseudomonas	Не указана	Проверяется	Выделен из ризосферы / тканей растения	BacDive DSMZ
Соя	Pseudomonas savastanoi	134749	Pseudomonas	Не указана	Проверяется	Выделен из ризосферы / тканей растения	BacDive DSMZ
Соя	Pseudomonas saxonica	159624	Pseudomonas	Не указана	Проверяется	Выделен из ризосферы / тканей растения	BacDive DSMZ
Соя	Pseudomonas saxonica	159623	Pseudomonas	Не указана	Проверяется	Выделен из ризосферы / тканей растения	BacDive DSMZ
Соя	Pseudomonas sp.	12963	Pseudomonas	Не указана	Проверяется	Выделен из ризосферы / тканей растения	BacDive DSMZ
Соя	Pseudomonas sp.	12953	Pseudomonas	Не указана	Проверяется	Выделен из ризосферы / тканей растения	BacDive DSMZ
Соя	Pseudomonas sp.	12952	Pseudomonas	Не указана	Проверяется	Выделен из ризосферы / тканей растения	BacDive DSMZ
Соя	Pseudomonas sp.	12943	Pseudomonas	Не указана	Проверяется	Выделен из ризосферы / тканей растения	BacDive DSMZ
Соя	Pseudomonas sp.	13043	Pseudomonas	Не указана	Проверяется	Выделен из ризосферы / тканей растения	BacDive DSMZ
Соя	Pseudomonas sp.	12973	Pseudomonas	Не указана	Проверяется	Выделен из ризосферы / тканей растения	BacDive DSMZ
Соя	Pseudomonas sp.	169279	Pseudomonas	Не указана	Проверяется	Выделен из ризосферы / тканей растения	BacDive DSMZ
Соя	Pseudomonas syringae	13030	Pseudomonas	Не указана	Проверяется	Выделен из ризосферы / тканей растения	BacDive DSMZ
Соя	Pseudomonas syringae	13028	Pseudomonas	Не указана	Проверяется	Выделен из ризосферы / тканей растения	BacDive DSMZ
Соя	Pseudomonas syringae	13025	Pseudomonas	Не указана	Проверяется	Выделен из ризосферы / тканей растения	BacDive DSMZ
Соя	Pseudomonas syringae	142734	Pseudomonas	Не указана	Проверяется	Выделен из ризосферы / тканей растения	BacDive DSMZ
Соя	Pseudomonas syringae	150021	Pseudomonas	Не указана	Проверяется	Выделен из ризосферы / тканей растения	BacDive DSMZ
Соя	Pseudomonas syringae	157453	Pseudomonas	Не указана	Проверяется	Выделен из ризосферы / тканей растения	BacDive DSMZ
Соя	Pseudomonas thermotolerans	13075	Pseudomonas	Не указана	Проверяется	Выделен из ризосферы / тканей растения	BacDive DSMZ
Соя	Pseudomonas trivialis	13084	Pseudomonas	Не указана	Проверяется	Выделен из ризосферы / тканей растения	BacDive DSMZ
Табак	Azospirillum brasilense	138933	Azospirillum	Не указана	Проверяется	Выделен из ризосферы / тканей растения	BacDive DSMZ
Табак	Bacillus pumilus	754	Bacillus	Не указана	Проверяется	Выделен из ризосферы / тканей растения	BacDive DSMZ
Табак	Bacillus sp.	159954	Bacillus	Не указана	Проверяется	Выделен из ризосферы / тканей растения	BacDive DSMZ
Табак	Bacillus subtilis	976	Bacillus	Не указана	Проверяется	Выделен из ризосферы / тканей растения	BacDive DSMZ
Табак	Bacillus subtilis	135255	Bacillus	Не указана	Проверяется	Выделен из ризосферы / тканей растения	BacDive DSMZ
Табак	Bacillus toyonensis	168280	Bacillus	Не указана	Проверяется	Выделен из ризосферы / тканей растения	BacDive DSMZ
Табак	Pseudomonas brassicae	167249	Pseudomonas	Не указана	Проверяется	Выделен из ризосферы / тканей растения	BacDive DSMZ
Табак	Pseudomonas cichorii	157422	Pseudomonas	Не указана	Проверяется	Выделен из ризосферы / тканей растения	BacDive DSMZ
Табак	Pseudomonas coleopterorum	168067	Pseudomonas	Не указана	Проверяется	Выделен из ризосферы / тканей растения	BacDive DSMZ
Табак	Pseudomonas laurentiana	164208	Pseudomonas	Не указана	Проверяется	Выделен из ризосферы / тканей растения	BacDive DSMZ
Табак	Pseudomonas lijiangensis	170042	Pseudomonas	Не указана	Проверяется	Выделен из ризосферы / тканей растения	BacDive DSMZ
Табак	Pseudomonas lutea	13114	Pseudomonas	Не указана	Проверяется	Выделен из ризосферы / тканей растения	BacDive DSMZ
Табак	Pseudomonas moorei	13157	Pseudomonas	Не указана	Проверяется	Выделен из ризосферы / тканей растения	BacDive DSMZ
Табак	Pseudomonas palmensis	166816	Pseudomonas	Не указана	Проверяется	Выделен из ризосферы / тканей растения	BacDive DSMZ
Табак	Pseudomonas rhizosphaerae	13096	Pseudomonas	Не указана	Проверяется	Выделен из ризосферы / тканей растения	BacDive DSMZ
Табак	Pseudomonas syringae	13022	Pseudomonas	Не указана	Проверяется	Выделен из ризосферы / тканей растения	BacDive DSMZ
Табак	Pseudomonas syringae	157456	Pseudomonas	Не указана	Проверяется	Выделен из ризосферы / тканей растения	BacDive DSMZ
Табак	Pseudomonas vranovensis	13150	Pseudomonas	Не указана	Проверяется	Выделен из ризосферы / тканей растения	BacDive DSMZ
Томаты	Bacillus cereus	171845	Bacillus	Не указана	Проверяется	Выделен из ризосферы / тканей растения	BacDive DSMZ
Томаты	Bacillus halotolerans	134137	Bacillus	Не указана	Проверяется	Выделен из ризосферы / тканей растения	BacDive DSMZ
Томаты	Bacillus halotolerans	135750	Bacillus	Не указана	Проверяется	Выделен из ризосферы / тканей растения	BacDive DSMZ
Томаты	Bacillus mojavensis	1095	Bacillus	Не указана	Проверяется	Выделен из ризосферы / тканей растения	BacDive DSMZ
Томаты	Bacillus mycoides	132716	Bacillus	Не указана	Проверяется	Выделен из ризосферы / тканей растения	BacDive DSMZ
Томаты	Bacillus mycoides	132715	Bacillus	Не указана	Проверяется	Выделен из ризосферы / тканей растения	BacDive DSMZ
Томаты	Bacillus mycoides	132714	Bacillus	Не указана	Проверяется	Выделен из ризосферы / тканей растения	BacDive DSMZ
Томаты	Bacillus mycoides	132713	Bacillus	Не указана	Проверяется	Выделен из ризосферы / тканей растения	BacDive DSMZ
Томаты	Bacillus mycoides	132712	Bacillus	Не указана	Проверяется	Выделен из ризосферы / тканей растения	BacDive DSMZ
Томаты	Bacillus mycoides	132711	Bacillus	Не указана	Проверяется	Выделен из ризосферы / тканей растения	BacDive DSMZ
Томаты	Bacillus mycoides	132710	Bacillus	Не указана	Проверяется	Выделен из ризосферы / тканей растения	BacDive DSMZ
Томаты	Bacillus mycoides	132709	Bacillus	Не указана	Проверяется	Выделен из ризосферы / тканей растения	BacDive DSMZ
Томаты	Bacillus mycoides	132708	Bacillus	Не указана	Проверяется	Выделен из ризосферы / тканей растения	BacDive DSMZ
Томаты	Bacillus mycoides	132707	Bacillus	Не указана	Проверяется	Выделен из ризосферы / тканей растения	BacDive DSMZ
Томаты	Bacillus mycoides	132706	Bacillus	Не указана	Проверяется	Выделен из ризосферы / тканей растения	BacDive DSMZ
Томаты	Bacillus mycoides	132705	Bacillus	Не указана	Проверяется	Выделен из ризосферы / тканей растения	BacDive DSMZ
Томаты	Bacillus mycoides	132704	Bacillus	Не указана	Проверяется	Выделен из ризосферы / тканей растения	BacDive DSMZ
Томаты	Bacillus thuringiensis	132703	Bacillus	Не указана	Проверяется	Выделен из ризосферы / тканей растения	BacDive DSMZ
Томаты	Bacillus thuringiensis	132702	Bacillus	Не указана	Проверяется	Выделен из ризосферы / тканей растения	BacDive DSMZ
Томаты	Bacillus thuringiensis	132701	Bacillus	Не указана	Проверяется	Выделен из ризосферы / тканей растения	BacDive DSMZ
Томаты	Bacillus thuringiensis	132700	Bacillus	Не указана	Проверяется	Выделен из ризосферы / тканей растения	BacDive DSMZ
Томаты	Bacillus thuringiensis	132699	Bacillus	Не указана	Проверяется	Выделен из ризосферы / тканей растения	BacDive DSMZ
Томаты	Bacillus thuringiensis	132698	Bacillus	Не указана	Проверяется	Выделен из ризосферы / тканей растения	BacDive DSMZ
Томаты	Bacillus thuringiensis	132697	Bacillus	Не указана	Проверяется	Выделен из ризосферы / тканей растения	BacDive DSMZ
Томаты	Heyndrickxia coagulans	654	Bacillus	Не указана	Проверяется	Выделен из ризосферы / тканей растения	BacDive DSMZ
Томаты	Heyndrickxia coagulans	649	Bacillus	Не указана	Проверяется	Выделен из ризосферы / тканей растения	BacDive DSMZ
Томаты	Pseudomonas aeruginosa	130565	Pseudomonas	Не указана	Проверяется	Выделен из ризосферы / тканей растения	BacDive DSMZ
Томаты	Pseudomonas agarici	13059	Pseudomonas	Не указана	Проверяется	Выделен из ризосферы / тканей растения	BacDive DSMZ
Томаты	Pseudomonas allii	166666	Pseudomonas	Не указана	Проверяется	Выделен из ризосферы / тканей растения	BacDive DSMZ
Томаты	Pseudomonas corrugata	157426	Pseudomonas	Не указана	Проверяется	Выделен из ризосферы / тканей растения	BacDive DSMZ
Томаты	Pseudomonas floridensis	158761	Pseudomonas	Не указана	Проверяется	Выделен из ризосферы / тканей растения	BacDive DSMZ
Томаты	Pseudomonas fluorescens	12858	Pseudomonas	Не указана	Проверяется	Выделен из ризосферы / тканей растения	BacDive DSMZ
Томаты	Pseudomonas fluorescens	12854	Pseudomonas	Не указана	Проверяется	Выделен из ризосферы / тканей растения	BacDive DSMZ
Томаты	Pseudomonas fluorescens	141379	Pseudomonas	Не указана	Проверяется	Выделен из ризосферы / тканей растения	BacDive DSMZ
Томаты	Pseudomonas fluorescens	153803	Pseudomonas	Не указана	Проверяется	Выделен из ризосферы / тканей растения	BacDive DSMZ
Томаты	Pseudomonas mediterranea	13102	Pseudomonas	Не указана	Проверяется	Выделен из ризосферы / тканей растения	BacDive DSMZ
Томаты	Pseudomonas putida	135753	Pseudomonas	Не указана	Проверяется	Выделен из ризосферы / тканей растения	BacDive DSMZ
Томаты	Pseudomonas sp.	12879	Pseudomonas	Не указана	Проверяется	Выделен из ризосферы / тканей растения	BacDive DSMZ
Томаты	Pseudomonas syringae	13040	Pseudomonas	Не указана	Проверяется	Выделен из ризосферы / тканей растения	BacDive DSMZ
Фасоль	Bacillus cereus	136846	Bacillus	Не указана	Проверяется	Выделен из ризосферы / тканей растения	BacDive DSMZ
Фасоль	Bacillus cereus	171515	Bacillus	Не указана	Проверяется	Выделен из ризосферы / тканей растения	BacDive DSMZ
Фасоль	Bacillus mexicanus	175740	Bacillus	Не указана	Проверяется	Выделен из ризосферы / тканей растения	BacDive DSMZ
Фасоль	Pseudomonas aeruginosa	136459	Pseudomonas	Не указана	Проверяется	Выделен из ризосферы / тканей растения	BacDive DSMZ
Фасоль	Pseudomonas aeruginosa	161304	Pseudomonas	Не указана	Проверяется	Выделен из ризосферы / тканей растения	BacDive DSMZ
Фасоль	Pseudomonas bijieensis	166756	Pseudomonas	Не указана	Проверяется	Выделен из ризосферы / тканей растения	BacDive DSMZ
Фасоль	Pseudomonas brassicacearum	13068	Pseudomonas	Не указана	Проверяется	Выделен из ризосферы / тканей растения	BacDive DSMZ
Фасоль	Pseudomonas canavaninivorans	166864	Pseudomonas	Не указана	Проверяется	Выделен из ризосферы / тканей растения	BacDive DSMZ
Фасоль	Pseudomonas fluorescens	24373	Pseudomonas	Не указана	Проверяется	Выделен из ризосферы / тканей растения	BacDive DSMZ
Фасоль	Pseudomonas kilonensis	13070	Pseudomonas	Не указана	Проверяется	Выделен из ризосферы / тканей растения	BacDive DSMZ
Фасоль	Pseudomonas marginalis	157434	Pseudomonas	Не указана	Проверяется	Выделен из ризосферы / тканей растения	BacDive DSMZ
Фасоль	Pseudomonas nitroreducens	13076	Pseudomonas	Не указана	Проверяется	Выделен из ризосферы / тканей растения	BacDive DSMZ
Фасоль	Pseudomonas savastanoi	12931	Pseudomonas	Не указана	Проверяется	Выделен из ризосферы / тканей растения	BacDive DSMZ
Фасоль	Pseudomonas savastanoi	12930	Pseudomonas	Не указана	Проверяется	Выделен из ризосферы / тканей растения	BacDive DSMZ
Фасоль	Pseudomonas savastanoi	12929	Pseudomonas	Не указана	Проверяется	Выделен из ризосферы / тканей растения	BacDive DSMZ
Фасоль	Pseudomonas syringae	13032	Pseudomonas	Не указана	Проверяется	Выделен из ризосферы / тканей растения	BacDive DSMZ
Фасоль	Pseudomonas syringae	142732	Pseudomonas	Не указана	Проверяется	Выделен из ризосферы / тканей растения	BacDive DSMZ
Фасоль	Pseudomonas syringae	157473	Pseudomonas	Не указана	Проверяется	Выделен из ризосферы / тканей растения	BacDive DSMZ
Фасоль	Pseudomonas syringae	157447	Pseudomonas	Не указана	Проверяется	Выделен из ризосферы / тканей растения	BacDive DSMZ
Фасоль	Pseudomonas viciae	167123	Pseudomonas	Не указана	Проверяется	Выделен из ризосферы / тканей растения	BacDive DSMZ
Фасоль	Pseudomonas viridiflava	144183	Pseudomonas	Не указана	Проверяется	Выделен из ризосферы / тканей растения	BacDive DSMZ
Фасоль	Pseudomonas viridiflava	157487	Pseudomonas	Не указана	Проверяется	Выделен из ризосферы / тканей растения	BacDive DSMZ
Хлопок	Bacillus cereus	172151	Bacillus	Не указана	Проверяется	Выделен из ризосферы / тканей растения	BacDive DSMZ
Хлопок	Pseudomonas aeruginosa	130996	Pseudomonas	Не указана	Проверяется	Выделен из ризосферы / тканей растения	BacDive DSMZ
Хлопок	Pseudomonas fluorescens	134568	Pseudomonas	Не указана	Проверяется	Выделен из ризосферы / тканей растения	BacDive DSMZ
Хлопок	Pseudomonas oryzihabitans	141648	Pseudomonas	Не указана	Проверяется	Выделен из ризосферы / тканей растения	BacDive DSMZ
Хлопок	Pseudomonas putida	130999	Pseudomonas	Не указана	Проверяется	Выделен из ризосферы / тканей растения	BacDive DSMZ
Хлопок	Stenotrophomonas maltophilia	13142	Pseudomonas	Не указана	Проверяется	Выделен из ризосферы / тканей растения	BacDive DSMZ
Ячмень	Bacillus cereus	172105	Bacillus	Не указана	Проверяется	Выделен из ризосферы / тканей растения	BacDive DSMZ
Ячмень	Bacillus subtilis	967	Bacillus	Не указана	Проверяется	Выделен из ризосферы / тканей растения	BacDive DSMZ
Ячмень	Bacillus thuringiensis	1045	Bacillus	Не указана	Проверяется	Выделен из ризосферы / тканей растения	BacDive DSMZ
Ячмень	Bacillus thuringiensis	1006	Bacillus	Не указана	Проверяется	Выделен из ризосферы / тканей растения	BacDive DSMZ
Ячмень	Pseudomonas chlororaphis subsp. aurantiaca	13159	Pseudomonas	Не указана	Проверяется	Выделен из ризосферы / тканей растения	BacDive DSMZ
Ячмень	Pseudomonas lini	13106	Pseudomonas	Не указана	Проверяется	Выделен из ризосферы / тканей растения	BacDive DSMZ
Ячмень	Pseudomonas putida	12899	Pseudomonas	Не указана	Проверяется	Выделен из ризосферы / тканей растения	BacDive DSMZ
Ячмень	Pseudomonas taiwanensis	13180	Pseudomonas	Не указана	Проверяется	Выделен из ризосферы / тканей растения	BacDive DSMZ
Ячмень	Pseudomonas veronii	13055	Pseudomonas	Не указана	Проверяется	Выделен из ризосферы / тканей растения	BacDive DSMZ
