strain_id,plant_name,evidence_level,effect,source,notes
PBM001,rice,genome_only,Plant-associated candidate with local Prodigal protein prediction available,BacDive-derived table + local Prodigal status,Azospirillum isscasi BD-101; niche=rhizosphere; target_crop=rice; matched_genome=azospirillum_isscasi__GCF_030849505.1
PBM002,soybean,genome_only,Plant-associated candidate with local Prodigal protein prediction available,BacDive-derived table + local Prodigal status,Azospirillum thermophilum BD-102; niche=soil; target_crop=soybean; matched_genome=azospirillum_thermophilum__GCF_003130795.1
PBM003,wheat,genome_only,Plant-associated candidate with local Prodigal protein prediction available,BacDive-derived table + local Prodigal status,Azospirillum baldaniorum BD-103; niche=rhizosphere; target_crop=wheat; matched_genome=azospirillum_baldaniorum__GCF_003119195.2
PBM004,rice,association_only,Plant-associated candidate from strain table; genome not matched yet,BacDive-derived table + local Prodigal status,Azospirillum sp. BD-104; niche=plant_associated; target_crop=rice; matched_genome=none
PBM005,rice,association_only,Plant-associated candidate from strain table; genome not matched yet,BacDive-derived table + local Prodigal status,Azospirillum sp. BD-105; niche=soil; target_crop=rice; matched_genome=none
PBM006,rice,association_only,Plant-associated candidate from strain table; genome not matched yet,BacDive-derived table + local Prodigal status,Azospirillum sp. BD-106; niche=soil; target_crop=rice; matched_genome=none
PBM007,wheat,genome_only,Plant-associated candidate with local Prodigal protein prediction available,BacDive-derived table + local Prodigal status,Azospirillum brasilense BD-107; niche=rhizosphere; target_crop=wheat; matched_genome=azospirillum_brasilense__GCF_007827425.1
PBM008,tobacco,genome_only,Plant-associated candidate with local Prodigal protein prediction available,BacDive-derived table + local Prodigal status,Azospirillum brasilense BD-108; niche=rhizosphere; target_crop=tobacco; matched_genome=azospirillum_brasilense__GCF_007827425.1
PBM009,wheat,genome_only,Plant-associated candidate with local Prodigal protein prediction available,BacDive-derived table + local Prodigal status,Azospirillum lipoferum BD-109; niche=rhizosphere; target_crop=wheat; matched_genome=azospirillum_lipoferum__GCF_008364955.1
PBM010,wheat,association_only,Plant-associated candidate from strain table; genome not matched yet,BacDive-derived table + local Prodigal status,Azospirillum zeae BD-110; niche=rhizosphere; target_crop=wheat; matched_genome=none
PBM011,wheat,genome_only,Plant-associated candidate with local Prodigal protein prediction available,BacDive-derived table + local Prodigal status,Azospirillum canadense BD-111; niche=rhizosphere; target_crop=wheat; matched_genome=azospirillum_canadense__GCF_025961225.1
PBM012,wheat,genome_only,Plant-associated candidate with local Prodigal protein prediction available,BacDive-derived table + local Prodigal status,Azospirillum melinis BD-112; niche=plant_associated; target_crop=wheat; matched_genome=azospirillum_melinis__GCF_013340935.1
PBM013,rice,genome_only,Plant-associated candidate with local Prodigal protein prediction available,BacDive-derived table + local Prodigal status,Azospirillum oryzae BD-113; niche=rhizosphere; target_crop=rice; matched_genome=azospirillum_oryzae__GCF_013347285.1
PBM014,wheat,genome_only,Plant-associated candidate with local Prodigal protein prediction available,BacDive-derived table + local Prodigal status,Azospirillum thiophilum BD-114; niche=rhizosphere; target_crop=wheat; matched_genome=azospirillum_thiophilum__GCF_001305595.1
PBM015,wheat,genome_only,Plant-associated candidate with local Prodigal protein prediction available,BacDive-derived table + local Prodigal status,Azospirillum picis BD-115; niche=rhizosphere; target_crop=wheat; matched_genome=azospirillum_picis__GCF_030814895.1
PBM016,wheat,genome_only,Plant-associated candidate with local Prodigal protein prediction available,BacDive-derived table + local Prodigal status,Azospirillum rugosum BD-116; niche=rhizosphere; target_crop=wheat; matched_genome=azospirillum_rugosum__GCF_030814845.1
PBM017,wheat,genome_only,Plant-associated candidate with local Prodigal protein prediction available,BacDive-derived table + local Prodigal status,Azospirillum largimobile BD-117; niche=rhizosphere; target_crop=wheat; matched_genome=azospirillum_largimobile__GCF_977007025.2
PBM018,wheat,genome_only,Plant-associated candidate with local Prodigal protein prediction available,BacDive-derived table + local Prodigal status,Azospirillum largimobile BD-118; niche=rhizosphere; target_crop=wheat; matched_genome=azospirillum_largimobile__GCF_977007025.2
PBM019,wheat,genome_only,Plant-associated candidate with local Prodigal protein prediction available,BacDive-derived table + local Prodigal status,Azospirillum brasilense BD-119; niche=rhizosphere; target_crop=wheat; matched_genome=azospirillum_brasilense__GCF_007827425.1
PBM020,wheat,genome_only,Plant-associated candidate with local Prodigal protein prediction available,BacDive-derived table + local Prodigal status,Azospirillum brasilense BD-120; niche=rhizosphere; target_crop=wheat; matched_genome=azospirillum_brasilense__GCF_007827425.1
PBM021,wheat,genome_only,Plant-associated candidate with local Prodigal protein prediction available,BacDive-derived table + local Prodigal status,Azospirillum brasilense BD-121; niche=rhizosphere; target_crop=wheat; matched_genome=azospirillum_brasilense__GCF_007827425.1
PBM022,soybean,genome_only,Plant-associated candidate with local Prodigal protein prediction available,BacDive-derived table + local Prodigal status,Pseudomonas fluorescens BD-122; niche=plant_associated; target_crop=soybean; matched_genome=pseudomonas_fluorescens__GCF_900215245.1
PBM023,rye,genome_only,Plant-associated candidate with local Prodigal protein prediction available,BacDive-derived table + local Prodigal status,Pseudomonas fluorescens BD-123; niche=soil; target_crop=rye; matched_genome=pseudomonas_fluorescens__GCF_900215245.1
PBM024,wheat,genome_only,Plant-associated candidate with local Prodigal protein prediction available,BacDive-derived table + local Prodigal status,Pseudomonas fluorescens BD-124; niche=rhizosphere; target_crop=wheat; matched_genome=pseudomonas_fluorescens__GCF_900215245.1
PBM025,soybean,genome_only,Plant-associated candidate with local Prodigal protein prediction available,BacDive-derived table + local Prodigal status,Pseudomonas fluorescens BD-125; niche=rhizosphere; target_crop=soybean; matched_genome=pseudomonas_fluorescens__GCF_900215245.1
PBM026,soybean,genome_only,Plant-associated candidate with local Prodigal protein prediction available,BacDive-derived table + local Prodigal status,Pseudomonas fluorescens BD-126; niche=rhizosphere; target_crop=soybean; matched_genome=pseudomonas_fluorescens__GCF_900215245.1
PBM027,soybean,genome_only,Plant-associated candidate with local Prodigal protein prediction available,BacDive-derived table + local Prodigal status,Pseudomonas fluorescens BD-127; niche=soil; target_crop=soybean; matched_genome=pseudomonas_fluorescens__GCF_900215245.1
PBM028,soybean,genome_only,Plant-associated candidate with local Prodigal protein prediction available,BacDive-derived table + local Prodigal status,Pseudomonas fluorescens BD-128; niche=soil; target_crop=soybean; matched_genome=pseudomonas_fluorescens__GCF_900215245.1
PBM029,soybean,genome_only,Plant-associated candidate with local Prodigal protein prediction available,BacDive-derived table + local Prodigal status,Pseudomonas fluorescens BD-129; niche=soil; target_crop=soybean; matched_genome=pseudomonas_fluorescens__GCF_900215245.1
PBM030,soybean,genome_only,Plant-associated candidate with local Prodigal protein prediction available,BacDive-derived table + local Prodigal status,Pseudomonas fluorescens BD-130; niche=soil; target_crop=soybean; matched_genome=pseudomonas_fluorescens__GCF_900215245.1
PBM031,soybean,genome_only,Plant-associated candidate with local Prodigal protein prediction available,BacDive-derived table + local Prodigal status,Pseudomonas citronellolis BD-131; niche=plant_associated; target_crop=soybean; matched_genome=pseudomonas_citronellolis__GCF_001586155.1
PBM032,tomato,genome_only,Plant-associated candidate with local Prodigal protein prediction available,BacDive-derived table + local Prodigal status,Pseudomonas cichorii BD-132; niche=phyllosphere; target_crop=tomato; matched_genome=pseudomonas_cichorii__GCF_018343775.1
PBM033,potato,association_only,Plant-associated candidate from strain table; genome not matched yet,BacDive-derived table + local Prodigal status,Pseudomonas aureofaciens BD-133; niche=rhizosphere; target_crop=potato; matched_genome=none
PBM034,wheat,genome_only,Plant-associated candidate with local Prodigal protein prediction available,BacDive-derived table + local Prodigal status,Pseudomonas alcaligenes BD-134; niche=rhizosphere; target_crop=wheat; matched_genome=pseudomonas_alcaligenes__GCF_001597285.1
PBM035,rye,genome_only,Plant-associated candidate with local Prodigal protein prediction available,BacDive-derived table + local Prodigal status,Pseudomonas aeruginosa BD-135; niche=rhizosphere; target_crop=rye; matched_genome=pseudomonas_aeruginosa__GCF_000006765.1
PBM036,wheat,genome_only,Plant-associated candidate with local Prodigal protein prediction available,BacDive-derived table + local Prodigal status,Pseudomonas aeruginosa BD-136; niche=rhizosphere; target_crop=wheat; matched_genome=pseudomonas_aeruginosa__GCF_000006765.1
PBM037,sunflower,genome_only,Plant-associated candidate with local Prodigal protein prediction available,BacDive-derived table + local Prodigal status,Pseudomonas aeruginosa BD-137; niche=phyllosphere; target_crop=sunflower; matched_genome=pseudomonas_aeruginosa__GCF_000006765.1
PBM038,wheat,genome_only,Plant-associated candidate with local Prodigal protein prediction available,BacDive-derived table + local Prodigal status,Pseudomonas aeruginosa BD-138; niche=rhizosphere; target_crop=wheat; matched_genome=pseudomonas_aeruginosa__GCF_000006765.1
PBM039,wheat,genome_only,Plant-associated candidate with local Prodigal protein prediction available,BacDive-derived table + local Prodigal status,Pseudomonas aeruginosa BD-139; niche=soil; target_crop=wheat; matched_genome=pseudomonas_aeruginosa__GCF_000006765.1
PBM040,soybean,genome_only,Plant-associated candidate with local Prodigal protein prediction available,BacDive-derived table + local Prodigal status,Pseudomonas aeruginosa BD-140; niche=phyllosphere; target_crop=soybean; matched_genome=pseudomonas_aeruginosa__GCF_000006765.1
PBM041,tomato,genome_only,Plant-associated candidate with local Prodigal protein prediction available,BacDive-derived table + local Prodigal status,Pseudomonas aeruginosa BD-141; niche=rhizosphere; target_crop=tomato; matched_genome=pseudomonas_aeruginosa__GCF_000006765.1
PBM042,rice,genome_only,Plant-associated candidate with local Prodigal protein prediction available,BacDive-derived table + local Prodigal status,Pseudomonas aeruginosa BD-142; niche=rhizosphere; target_crop=rice; matched_genome=pseudomonas_aeruginosa__GCF_000006765.1
PBM043,wheat,genome_only,Plant-associated candidate with local Prodigal protein prediction available,BacDive-derived table + local Prodigal status,Pseudomonas aeruginosa BD-143; niche=rhizosphere; target_crop=wheat; matched_genome=pseudomonas_aeruginosa__GCF_000006765.1
PBM044,soybean,association_only,Plant-associated candidate from strain table; genome not matched yet,BacDive-derived table + local Prodigal status,Pseudomonas sp. BD-144; niche=rhizosphere; target_crop=soybean; matched_genome=none
PBM045,soybean,association_only,Plant-associated candidate from strain table; genome not matched yet,BacDive-derived table + local Prodigal status,Pseudomonas sp. BD-145; niche=soil; target_crop=soybean; matched_genome=none
PBM046,soybean,association_only,Plant-associated candidate from strain table; genome not matched yet,BacDive-derived table + local Prodigal status,Pseudomonas sp. BD-146; niche=plant_associated; target_crop=soybean; matched_genome=none
PBM047,soybean,association_only,Plant-associated candidate from strain table; genome not matched yet,BacDive-derived table + local Prodigal status,Pseudomonas sp. BD-147; niche=soil; target_crop=soybean; matched_genome=none
PBM048,common_bean,association_only,Plant-associated candidate from strain table; genome not matched yet,BacDive-derived table + local Prodigal status,Pseudomonas savastanoi BD-148; niche=plant_associated; target_crop=common_bean; matched_genome=none
PBM049,common_bean,association_only,Plant-associated candidate from strain table; genome not matched yet,BacDive-derived table + local Prodigal status,Pseudomonas savastanoi BD-149; niche=plant_associated; target_crop=common_bean; matched_genome=none
PBM050,common_bean,association_only,Plant-associated candidate from strain table; genome not matched yet,BacDive-derived table + local Prodigal status,Pseudomonas savastanoi BD-150; niche=plant_associated; target_crop=common_bean; matched_genome=none
PBM051,soybean,association_only,Plant-associated candidate from strain table; genome not matched yet,BacDive-derived table + local Prodigal status,Pseudomonas savastanoi BD-151; niche=phyllosphere; target_crop=soybean; matched_genome=none
PBM052,soybean,association_only,Plant-associated candidate from strain table; genome not matched yet,BacDive-derived table + local Prodigal status,Pseudomonas putida BD-152; niche=plant_associated; target_crop=soybean; matched_genome=none
PBM053,soybean,association_only,Plant-associated candidate from strain table; genome not matched yet,BacDive-derived table + local Prodigal status,Pseudomonas putida BD-153; niche=plant_associated; target_crop=soybean; matched_genome=none
PBM054,soybean,association_only,Plant-associated candidate from strain table; genome not matched yet,BacDive-derived table + local Prodigal status,Pseudomonas putida BD-154; niche=soil; target_crop=soybean; matched_genome=none
PBM055,barley,association_only,Plant-associated candidate from strain table; genome not matched yet,BacDive-derived table + local Prodigal status,Pseudomonas putida BD-155; niche=rhizosphere; target_crop=barley; matched_genome=none
PBM056,potato,association_only,Plant-associated candidate from strain table; genome not matched yet,BacDive-derived table + local Prodigal status,Pseudomonas putida BD-156; niche=rhizosphere; target_crop=potato; matched_genome=none
PBM057,tomato,association_only,Plant-associated candidate from strain table; genome not matched yet,BacDive-derived table + local Prodigal status,Pseudomonas sp. BD-157; niche=soil; target_crop=tomato; matched_genome=none
PBM058,wheat,association_only,Plant-associated candidate from strain table; genome not matched yet,BacDive-derived table + local Prodigal status,Pseudomonas putida BD-158; niche=rhizosphere; target_crop=wheat; matched_genome=none
PBM059,soybean,association_only,Plant-associated candidate from strain table; genome not matched yet,BacDive-derived table + local Prodigal status,Pseudomonas oleovorans BD-159; niche=plant_associated; target_crop=soybean; matched_genome=none
PBM060,rice,association_only,Plant-associated candidate from strain table; genome not matched yet,BacDive-derived table + local Prodigal status,Pseudomonas oleovorans BD-160; niche=rhizosphere; target_crop=rice; matched_genome=none
PBM061,wheat,association_only,Plant-associated candidate from strain table; genome not matched yet,BacDive-derived table + local Prodigal status,Pseudomonas mendocina BD-161; niche=rhizosphere; target_crop=wheat; matched_genome=none
PBM062,potato,association_only,Plant-associated candidate from strain table; genome not matched yet,BacDive-derived table + local Prodigal status,Pseudomonas grimontii BD-162; niche=rhizosphere; target_crop=potato; matched_genome=none
PBM063,pea,association_only,Plant-associated candidate from strain table; genome not matched yet,BacDive-derived table + local Prodigal status,Pseudomonas rhodesiae BD-163; niche=plant_associated; target_crop=pea; matched_genome=none
PBM064,tomato,genome_only,Plant-associated candidate with local Prodigal protein prediction available,BacDive-derived table + local Prodigal status,Pseudomonas fluorescens BD-164; niche=endosphere; target_crop=tomato; matched_genome=pseudomonas_fluorescens__GCF_900215245.1
PBM065,tomato,genome_only,Plant-associated candidate with local Prodigal protein prediction available,BacDive-derived table + local Prodigal status,Pseudomonas fluorescens BD-165; niche=soil; target_crop=tomato; matched_genome=pseudomonas_fluorescens__GCF_900215245.1
PBM066,wheat,genome_only,Plant-associated candidate with local Prodigal protein prediction available,BacDive-derived table + local Prodigal status,Pseudomonas brenneri BD-166; niche=rhizosphere; target_crop=wheat; matched_genome=pseudomonas_brenneri__GCF_007858285.1
PBM067,wheat,association_only,Plant-associated candidate from strain table; genome not matched yet,BacDive-derived table + local Prodigal status,Pseudomonas plecoglossicida BD-167; niche=rhizosphere; target_crop=wheat; matched_genome=none
PBM068,soybean,genome_only,Plant-associated candidate with local Prodigal protein prediction available,BacDive-derived table + local Prodigal status,Pseudomonas congelans BD-168; niche=endosphere; target_crop=soybean; matched_genome=pseudomonas_congelans__GCF_900103225.1
PBM069,soybean,association_only,Plant-associated candidate from strain table; genome not matched yet,BacDive-derived table + local Prodigal status,Pseudomonas trivialis BD-169; niche=rhizosphere; target_crop=soybean; matched_genome=none
PBM070,soybean,association_only,Plant-associated candidate from strain table; genome not matched yet,BacDive-derived table + local Prodigal status,Pseudomonas poae BD-170; niche=endosphere; target_crop=soybean; matched_genome=none
PBM071,wheat,association_only,Plant-associated candidate from strain table; genome not matched yet,BacDive-derived table + local Prodigal status,Pseudomonas nitroreducens BD-171; niche=rhizosphere; target_crop=wheat; matched_genome=none
PBM072,soybean,association_only,Plant-associated candidate from strain table; genome not matched yet,BacDive-derived table + local Prodigal status,Pseudomonas nitroreducens BD-172; niche=soil; target_crop=soybean; matched_genome=none
PBM073,common_bean,association_only,Plant-associated candidate from strain table; genome not matched yet,BacDive-derived table + local Prodigal status,Pseudomonas nitroreducens BD-173; niche=endosphere; target_crop=common_bean; matched_genome=none
PBM074,soybean,association_only,Plant-associated candidate from strain table; genome not matched yet,BacDive-derived table + local Prodigal status,Pseudomonas thermotolerans BD-174; niche=soil; target_crop=soybean; matched_genome=none
PBM075,rice,association_only,Plant-associated candidate from strain table; genome not matched yet,BacDive-derived table + local Prodigal status,Pseudomonas monteilii BD-175; niche=rhizosphere; target_crop=rice; matched_genome=none
PBM076,common_bean,association_only,Plant-associated candidate from strain table; genome not matched yet,BacDive-derived table + local Prodigal status,Pseudomonas kilonensis BD-176; niche=rhizosphere; target_crop=common_bean; matched_genome=none
PBM077,common_bean,genome_only,Plant-associated candidate with local Prodigal protein prediction available,BacDive-derived table + local Prodigal status,Pseudomonas brassicacearum BD-177; niche=rhizosphere; target_crop=common_bean; matched_genome=pseudomonas_brassicacearum__GCF_008370715.1
PBM078,wheat,association_only,Plant-associated candidate from strain table; genome not matched yet,BacDive-derived table + local Prodigal status,Pseudomonas thivervalensis BD-178; niche=rhizosphere; target_crop=wheat; matched_genome=none
PBM079,wheat,association_only,Plant-associated candidate from strain table; genome not matched yet,BacDive-derived table + local Prodigal status,Pseudomonas frederiksbergensis BD-179; niche=rhizosphere; target_crop=wheat; matched_genome=none
PBM080,soybean,association_only,Plant-associated candidate from strain table; genome not matched yet,BacDive-derived table + local Prodigal status,Pseudomonas graminis BD-180; niche=rhizosphere; target_crop=soybean; matched_genome=none
PBM081,tomato,genome_only,Plant-associated candidate with local Prodigal protein prediction available,BacDive-derived table + local Prodigal status,Pseudomonas agarici BD-181; niche=endosphere; target_crop=tomato; matched_genome=pseudomonas_agarici__GCF_001543125.1
PBM082,barley,association_only,Plant-associated candidate from strain table; genome not matched yet,BacDive-derived table + local Prodigal status,Pseudomonas veronii BD-182; niche=rhizosphere; target_crop=barley; matched_genome=none
PBM083,potato,association_only,Plant-associated candidate from strain table; genome not matched yet,BacDive-derived table + local Prodigal status,Pseudomonas tolaasii BD-183; niche=endosphere; target_crop=potato; matched_genome=none
PBM084,tomato,genome_only,Plant-associated candidate with local Prodigal protein prediction available,BacDive-derived table + local Prodigal status,Pseudomonas amygdali BD-184; niche=soil; target_crop=tomato; matched_genome=pseudomonas_amygdali__GCF_000145945.2
PBM085,rice,genome_only,Plant-associated candidate with local Prodigal protein prediction available,BacDive-derived table + local Prodigal status,Pseudomonas asplenii BD-185; niche=phyllosphere; target_crop=rice; matched_genome=pseudomonas_asplenii__GCF_900105475.1
PBM086,wheat,association_only,Plant-associated candidate from strain table; genome not matched yet,BacDive-derived table + local Prodigal status,Pseudomonas oryzihabitans BD-186; niche=rhizosphere; target_crop=wheat; matched_genome=none
PBM087,wheat,genome_only,Plant-associated candidate with local Prodigal protein prediction available,BacDive-derived table + local Prodigal status,Pseudomonas corrugata BD-187; niche=rhizosphere; target_crop=wheat; matched_genome=pseudomonas_corrugata__GCF_050920615.1
PBM088,soybean,association_only,Plant-associated candidate from strain table; genome not matched yet,BacDive-derived table + local Prodigal status,Pseudomonas sp. BD-188; niche=plant_associated; target_crop=soybean; matched_genome=none
PBM089,tomato,association_only,Plant-associated candidate from strain table; genome not matched yet,BacDive-derived table + local Prodigal status,Pseudomonas syringae BD-189; niche=plant_associated; target_crop=tomato; matched_genome=none
PBM090,common_bean,association_only,Plant-associated candidate from strain table; genome not matched yet,BacDive-derived table + local Prodigal status,Pseudomonas syringae BD-190; niche=phyllosphere; target_crop=common_bean; matched_genome=none
PBM091,soybean,association_only,Plant-associated candidate from strain table; genome not matched yet,BacDive-derived table + local Prodigal status,Pseudomonas syringae BD-191; niche=plant_associated; target_crop=soybean; matched_genome=none
PBM092,soybean,association_only,Plant-associated candidate from strain table; genome not matched yet,BacDive-derived table + local Prodigal status,Pseudomonas syringae BD-192; niche=plant_associated; target_crop=soybean; matched_genome=none
PBM093,wheat,association_only,Plant-associated candidate from strain table; genome not matched yet,BacDive-derived table + local Prodigal status,Pseudomonas syringae BD-193; niche=plant_associated; target_crop=wheat; matched_genome=none
PBM094,wheat,association_only,Plant-associated candidate from strain table; genome not matched yet,BacDive-derived table + local Prodigal status,Pseudomonas syringae BD-194; niche=plant_associated; target_crop=wheat; matched_genome=none
PBM095,soybean,association_only,Plant-associated candidate from strain table; genome not matched yet,BacDive-derived table + local Prodigal status,Pseudomonas syringae BD-195; niche=rhizosphere; target_crop=soybean; matched_genome=none
PBM096,wheat,association_only,Plant-associated candidate from strain table; genome not matched yet,BacDive-derived table + local Prodigal status,Pseudomonas syringae BD-196; niche=rhizosphere; target_crop=wheat; matched_genome=none
PBM097,tobacco,association_only,Plant-associated candidate from strain table; genome not matched yet,BacDive-derived table + local Prodigal status,Pseudomonas syringae BD-197; niche=plant_associated; target_crop=tobacco; matched_genome=none
PBM098,potato,association_only,Plant-associated candidate from strain table; genome not matched yet,BacDive-derived table + local Prodigal status,Pseudomonas syringae BD-198; niche=soil; target_crop=potato; matched_genome=none
PBM099,tomato,association_only,Plant-associated candidate from strain table; genome not matched yet,BacDive-derived table + local Prodigal status,Pseudomonas viridiflava BD-199; niche=rhizosphere; target_crop=tomato; matched_genome=none
PBM100,soybean,association_only,Plant-associated candidate from strain table; genome not matched yet,BacDive-derived table + local Prodigal status,Pseudomonas sp. BD-200; niche=plant_associated; target_crop=soybean; matched_genome=none
PBM101,pea,association_only,Plant-associated candidate from strain table; genome not matched yet,BacDive-derived table + local Prodigal status,Pseudomonas syringae BD-201; niche=soil; target_crop=pea; matched_genome=none
PBM102,wheat,genome_only,Plant-associated candidate with local Prodigal protein prediction available,BacDive-derived table + local Prodigal status,Pseudomonas baetica BD-202; niche=soil; target_crop=wheat; matched_genome=pseudomonas_baetica__GCF_002813455.1
PBM103,rice,association_only,Plant-associated candidate from strain table; genome not matched yet,BacDive-derived table + local Prodigal status,Pseudomonas saponiphila BD-203; niche=endosphere; target_crop=rice; matched_genome=none
PBM104,soybean,genome_only,Plant-associated candidate with local Prodigal protein prediction available,BacDive-derived table + local Prodigal status,Pseudomonas deceptionensis BD-204; niche=soil; target_crop=soybean; matched_genome=pseudomonas_deceptionensis__GCF_900106095.1
PBM105,barley,association_only,Plant-associated candidate from strain table; genome not matched yet,BacDive-derived table + local Prodigal status,Pseudomonas taiwanensis BD-205; niche=rhizosphere; target_crop=barley; matched_genome=none
PBM106,soybean,association_only,Plant-associated candidate from strain table; genome not matched yet,BacDive-derived table + local Prodigal status,Pseudomonas lubricantis BD-206; niche=rhizosphere; target_crop=soybean; matched_genome=none
PBM107,wheat,association_only,Plant-associated candidate from strain table; genome not matched yet,BacDive-derived table + local Prodigal status,Pseudomonas neoaurantiaca BD-207; niche=rhizosphere; target_crop=wheat; matched_genome=none
PBM108,soybean,genome_only,Plant-associated candidate with local Prodigal protein prediction available,BacDive-derived table + local Prodigal status,Pseudomonas ficuserectae BD-208; niche=endosphere; target_crop=soybean; matched_genome=pseudomonas_ficuserectae__GCF_024584585.1
PBM109,wheat,association_only,Plant-associated candidate from strain table; genome not matched yet,BacDive-derived table + local Prodigal status,Pseudomonas japonica BD-209; niche=endosphere; target_crop=wheat; matched_genome=none
PBM110,soybean,association_only,Plant-associated candidate from strain table; genome not matched yet,BacDive-derived table + local Prodigal status,Pseudomonas guineae BD-210; niche=soil; target_crop=soybean; matched_genome=none
PBM111,wheat,genome_only,Plant-associated candidate with local Prodigal protein prediction available,BacDive-derived table + local Prodigal status,Pseudomonas chlororaphis BD-211; niche=rhizosphere; target_crop=wheat; matched_genome=pseudomonas_chlororaphis_subsp._aureofaciens__GCF_003851365.1
PBM112,barley,association_only,Plant-associated candidate from strain table; genome not matched yet,BacDive-derived table + local Prodigal status,Pseudomonas aurantiaca BD-212; niche=rhizosphere; target_crop=barley; matched_genome=none
PBM113,wheat,association_only,Plant-associated candidate from strain table; genome not matched yet,BacDive-derived table + local Prodigal status,Pseudomonas aureofaciens BD-213; niche=rhizosphere; target_crop=wheat; matched_genome=none
PBM114,tobacco,association_only,Plant-associated candidate from strain table; genome not matched yet,BacDive-derived table + local Prodigal status,Pseudomonas moorei BD-214; niche=rhizosphere; target_crop=tobacco; matched_genome=none
PBM115,wheat,association_only,Plant-associated candidate from strain table; genome not matched yet,BacDive-derived table + local Prodigal status,Pseudomonas protegens BD-215; niche=rhizosphere; target_crop=wheat; matched_genome=none
PBM116,tobacco,association_only,Plant-associated candidate from strain table; genome not matched yet,BacDive-derived table + local Prodigal status,Pseudomonas vranovensis BD-216; niche=soil; target_crop=tobacco; matched_genome=none
PBM117,wheat,association_only,Plant-associated candidate from strain table; genome not matched yet,BacDive-derived table + local Prodigal status,Pseudomonas resinovorans BD-217; niche=endosphere; target_crop=wheat; matched_genome=none
PBM118,cotton,association_only,Plant-associated candidate from strain table; genome not matched yet,BacDive-derived table + local Prodigal status,Pseudomonas beteli BD-218; niche=endosphere; target_crop=cotton; matched_genome=none
PBM119,wheat,genome_only,Plant-associated candidate with local Prodigal protein prediction available,BacDive-derived table + local Prodigal status,Pseudomonas azotoformans BD-219; niche=rhizosphere; target_crop=wheat; matched_genome=pseudomonas_azotoformans__GCF_900103345.1
PBM120,rice,association_only,Plant-associated candidate from strain table; genome not matched yet,BacDive-derived table + local Prodigal status,Pseudomonas straminea BD-220; niche=soil; target_crop=rice; matched_genome=none
PBM121,rice,association_only,Plant-associated candidate from strain table; genome not matched yet,BacDive-derived table + local Prodigal status,Pseudomonas fulva BD-221; niche=endosphere; target_crop=rice; matched_genome=none
PBM122,soybean,association_only,Plant-associated candidate from strain table; genome not matched yet,BacDive-derived table + local Prodigal status,Pseudomonas psychrophila BD-222; niche=soil; target_crop=soybean; matched_genome=none
PBM123,rice,association_only,Plant-associated candidate from strain table; genome not matched yet,BacDive-derived table + local Prodigal status,Pseudomonas mosselii BD-223; niche=phyllosphere; target_crop=rice; matched_genome=none
PBM124,tobacco,association_only,Plant-associated candidate from strain table; genome not matched yet,BacDive-derived table + local Prodigal status,Pseudomonas lutea BD-224; niche=rhizosphere; target_crop=tobacco; matched_genome=none
PBM125,wheat,association_only,Plant-associated candidate from strain table; genome not matched yet,BacDive-derived table + local Prodigal status,Pseudomonas jessenii BD-225; niche=rhizosphere; target_crop=wheat; matched_genome=none
PBM126,rice,association_only,Plant-associated candidate from strain table; genome not matched yet,BacDive-derived table + local Prodigal status,Pseudomonas gessardii BD-226; niche=rhizosphere; target_crop=rice; matched_genome=none
PBM127,rice,genome_only,Plant-associated candidate with local Prodigal protein prediction available,BacDive-derived table + local Prodigal status,Pseudomonas cremoricolorata BD-227; niche=rhizosphere; target_crop=rice; matched_genome=pseudomonas_cremoricolorata__GCF_000425745.1
PBM128,rice,association_only,Plant-associated candidate from strain table; genome not matched yet,BacDive-derived table + local Prodigal status,Pseudomonas parafulva BD-228; niche=endosphere; target_crop=rice; matched_genome=none
PBM129,rice,association_only,Plant-associated candidate from strain table; genome not matched yet,BacDive-derived table + local Prodigal status,Pseudomonas palleroniana BD-229; niche=rhizosphere; target_crop=rice; matched_genome=none
PBM130,barley,association_only,Plant-associated candidate from strain table; genome not matched yet,BacDive-derived table + local Prodigal status,Pseudomonas lini BD-230; niche=rhizosphere; target_crop=barley; matched_genome=none
PBM131,wheat,association_only,Plant-associated candidate from strain table; genome not matched yet,BacDive-derived table + local Prodigal status,Pseudomonas psychrotolerans BD-231; niche=rhizosphere; target_crop=wheat; matched_genome=none
PBM132,tomato,association_only,Plant-associated candidate from strain table; genome not matched yet,BacDive-derived table + local Prodigal status,Pseudomonas mediterranea BD-232; niche=soil; target_crop=tomato; matched_genome=none
PBM133,wheat,association_only,Plant-associated candidate from strain table; genome not matched yet,BacDive-derived table + local Prodigal status,Pseudomonas koreensis BD-233; niche=phyllosphere; target_crop=wheat; matched_genome=none
PBM134,tobacco,association_only,Plant-associated candidate from strain table; genome not matched yet,BacDive-derived table + local Prodigal status,Pseudomonas rhizosphaerae BD-234; niche=rhizosphere; target_crop=tobacco; matched_genome=none
PBM135,wheat,association_only,Plant-associated candidate from strain table; genome not matched yet,BacDive-derived table + local Prodigal status,Pseudomonas proteolytica BD-235; niche=rhizosphere; target_crop=wheat; matched_genome=none
PBM136,rice,genome_only,Plant-associated candidate with local Prodigal protein prediction available,BacDive-derived table + local Prodigal status,Pseudomonas antarctica BD-236; niche=rhizosphere; target_crop=rice; matched_genome=pseudomonas_antarctica__GCF_900103795.1
PBM137,wheat,association_only,Plant-associated candidate from strain table; genome not matched yet,BacDive-derived table + local Prodigal status,Pseudomonas lurida BD-237; niche=endosphere; target_crop=wheat; matched_genome=none
PBM138,wheat,genome_only,Plant-associated candidate with local Prodigal protein prediction available,BacDive-derived table + local Prodigal status,Pseudomonas extremorientalis BD-238; niche=soil; target_crop=wheat; matched_genome=pseudomonas_extremorientalis__GCF_024584605.1
PBM139,cotton,genome_only,Plant-associated candidate with local Prodigal protein prediction available,BacDive-derived table + local Prodigal status,Pseudomonas aeruginosa BD-239; niche=rhizosphere; target_crop=cotton; matched_genome=pseudomonas_aeruginosa__GCF_000006765.1
PBM140,wheat,association_only,Plant-associated candidate from strain table; genome not matched yet,BacDive-derived table + local Prodigal status,Pseudomonas granadensis BD-240; niche=endosphere; target_crop=wheat; matched_genome=none
PBM141,rice,association_only,Plant-associated candidate from strain table; genome not matched yet,BacDive-derived table + local Prodigal status,Pseudomonas guangdongensis BD-241; niche=soil; target_crop=rice; matched_genome=none
PBM142,soybean,genome_only,Plant-associated candidate with local Prodigal protein prediction available,BacDive-derived table + local Prodigal status,Pseudomonas asturiensis BD-242; niche=phyllosphere; target_crop=soybean; matched_genome=pseudomonas_asturiensis__GCF_900143095.1
PBM143,tomato,genome_only,Plant-associated candidate with local Prodigal protein prediction available,BacDive-derived table + local Prodigal status,Pseudomonas aeruginosa BD-243; niche=plant_associated; target_crop=tomato; matched_genome=pseudomonas_aeruginosa__GCF_000006765.1
PBM144,soybean,genome_only,Plant-associated candidate with local Prodigal protein prediction available,BacDive-derived table + local Prodigal status,Pseudomonas aeruginosa BD-244; niche=plant_associated; target_crop=soybean; matched_genome=pseudomonas_aeruginosa__GCF_000006765.1
PBM145,rice,association_only,Plant-associated candidate from strain table; genome not matched yet,BacDive-derived table + local Prodigal status,Pseudomonas sagittaria BD-245; niche=soil; target_crop=rice; matched_genome=none
PBM146,potato,association_only,Plant-associated candidate from strain table; genome not matched yet,BacDive-derived table + local Prodigal status,Pseudomonas punonensis BD-246; niche=soil; target_crop=potato; matched_genome=none
PBM147,rice,genome_only,Plant-associated candidate with local Prodigal protein prediction available,BacDive-derived table + local Prodigal status,Pseudomonas entomophila BD-247; niche=phyllosphere; target_crop=rice; matched_genome=pseudomonas_entomophila__GCF_000026105.1
PBM148,wheat,association_only,Plant-associated candidate from strain table; genome not matched yet,BacDive-derived table + local Prodigal status,Pseudomonas syringae BD-248; niche=plant_associated; target_crop=wheat; matched_genome=none
PBM149,wheat,association_only,Plant-associated candidate from strain table; genome not matched yet,BacDive-derived table + local Prodigal status,Pseudomonas syringae BD-249; niche=rhizosphere; target_crop=wheat; matched_genome=none
PBM150,tomato,association_only,Plant-associated candidate from strain table; genome not matched yet,BacDive-derived table + local Prodigal status,Pseudomonas viridiflava BD-250; niche=endosphere; target_crop=tomato; matched_genome=none
PBM151,common_bean,genome_only,Plant-associated candidate with local Prodigal protein prediction available,BacDive-derived table + local Prodigal status,Pseudomonas fluorescens BD-251; niche=rhizosphere; target_crop=common_bean; matched_genome=pseudomonas_fluorescens__GCF_900215245.1
PBM152,soybean,association_only,Plant-associated candidate from strain table; genome not matched yet,BacDive-derived table + local Prodigal status,Pseudomonas savastanoi BD-252; niche=plant_associated; target_crop=soybean; matched_genome=none
PBM153,wheat,genome_only,Plant-associated candidate with local Prodigal protein prediction available,BacDive-derived table + local Prodigal status,Pseudomonas aeruginosa BD-253; niche=rhizosphere; target_crop=wheat; matched_genome=pseudomonas_aeruginosa__GCF_000006765.1
PBM154,soybean,association_only,Plant-associated candidate from strain table; genome not matched yet,BacDive-derived table + local Prodigal status,Pseudomonas putida BD-254; niche=phyllosphere; target_crop=soybean; matched_genome=none
PBM155,soybean,genome_only,Plant-associated candidate with local Prodigal protein prediction available,BacDive-derived table + local Prodigal status,Pseudomonas canadensis BD-255; niche=soil; target_crop=soybean; matched_genome=pseudomonas_canadensis__GCF_030980095.1
PBM156,pea,association_only,Plant-associated candidate from strain table; genome not matched yet,BacDive-derived table + local Prodigal status,Pseudomonas turukhanskensis BD-256; niche=rhizosphere; target_crop=pea; matched_genome=none
PBM157,soybean,association_only,Plant-associated candidate from strain table; genome not matched yet,BacDive-derived table + local Prodigal status,Pseudomonas kribbensis BD-257; niche=rhizosphere; target_crop=soybean; matched_genome=none
PBM158,potato,genome_only,Plant-associated candidate with local Prodigal protein prediction available,BacDive-derived table + local Prodigal status,Pseudomonas donghuensis BD-258; niche=soil; target_crop=potato; matched_genome=pseudomonas_donghuensis__GCF_000696345.2
PBM159,soybean,association_only,Plant-associated candidate from strain table; genome not matched yet,BacDive-derived table + local Prodigal status,Pseudomonas frederiksbergensis BD-259; niche=soil; target_crop=soybean; matched_genome=none
PBM160,cotton,association_only,Plant-associated candidate from strain table; genome not matched yet,BacDive-derived table + local Prodigal status,Pseudomonas putida BD-260; niche=rhizosphere; target_crop=cotton; matched_genome=none
PBM161,wheat,genome_only,Plant-associated candidate with local Prodigal protein prediction available,BacDive-derived table + local Prodigal status,Pseudomonas aeruginosa BD-261; niche=plant_associated; target_crop=wheat; matched_genome=pseudomonas_aeruginosa__GCF_000006765.1
PBM162,sunflower,genome_only,Plant-associated candidate with local Prodigal protein prediction available,BacDive-derived table + local Prodigal status,Pseudomonas aeruginosa BD-262; niche=plant_associated; target_crop=sunflower; matched_genome=pseudomonas_aeruginosa__GCF_000006765.1
PBM163,tomato,association_only,Plant-associated candidate from strain table; genome not matched yet,BacDive-derived table + local Prodigal status,Pseudomonas putida BD-263; niche=soil; target_crop=tomato; matched_genome=none
PBM164,cotton,association_only,Plant-associated candidate from strain table; genome not matched yet,BacDive-derived table + local Prodigal status,Pseudomonas oryzihabitans BD-264; niche=plant_associated; target_crop=cotton; matched_genome=none
PBM165,tomato,genome_only,Plant-associated candidate with local Prodigal protein prediction available,BacDive-derived table + local Prodigal status,Pseudomonas fluorescens BD-265; niche=soil; target_crop=tomato; matched_genome=pseudomonas_fluorescens__GCF_900215245.1
PBM166,tobacco,association_only,Plant-associated candidate from strain table; genome not matched yet,BacDive-derived table + local Prodigal status,Pseudomonas reidholzensis BD-266; niche=endosphere; target_crop=tobacco; matched_genome=none
PBM167,tobacco,association_only,Plant-associated candidate from strain table; genome not matched yet,BacDive-derived table + local Prodigal status,Pseudomonas wadenswilerensis BD-267; niche=soil; target_crop=tobacco; matched_genome=none
PBM168,soybean,association_only,Plant-associated candidate from strain table; genome not matched yet,BacDive-derived table + local Prodigal status,Pseudomonas populi BD-268; niche=endosphere; target_crop=soybean; matched_genome=none
PBM169,wheat,association_only,Plant-associated candidate from strain table; genome not matched yet,BacDive-derived table + local Prodigal status,Pseudomonas lactis BD-269; niche=endosphere; target_crop=wheat; matched_genome=none
PBM170,common_bean,association_only,Plant-associated candidate from strain table; genome not matched yet,BacDive-derived table + local Prodigal status,Pseudomonas viridiflava BD-270; niche=plant_associated; target_crop=common_bean; matched_genome=none
PBM171,soybean,association_only,Plant-associated candidate from strain table; genome not matched yet,BacDive-derived table + local Prodigal status,Pseudomonas syringae BD-271; niche=plant_associated; target_crop=soybean; matched_genome=none
PBM172,common_bean,association_only,Plant-associated candidate from strain table; genome not matched yet,BacDive-derived table + local Prodigal status,Pseudomonas syringae BD-272; niche=phyllosphere; target_crop=common_bean; matched_genome=none
PBM173,tomato,genome_only,Plant-associated candidate with local Prodigal protein prediction available,BacDive-derived table + local Prodigal status,Pseudomonas fluorescens BD-273; niche=soil; target_crop=tomato; matched_genome=pseudomonas_fluorescens__GCF_900215245.1
PBM174,common_bean,association_only,Plant-associated candidate from strain table; genome not matched yet,BacDive-derived table + local Prodigal status,Pseudomonas viridiflava BD-274; niche=plant_associated; target_crop=common_bean; matched_genome=none
PBM175,pea,association_only,Plant-associated candidate from strain table; genome not matched yet,BacDive-derived table + local Prodigal status,Pseudomonas syringae BD-275; niche=plant_associated; target_crop=pea; matched_genome=none
PBM176,common_bean,association_only,Plant-associated candidate from strain table; genome not matched yet,BacDive-derived table + local Prodigal status,Pseudomonas syringae BD-276; niche=phyllosphere; target_crop=common_bean; matched_genome=none
PBM177,tobacco,association_only,Plant-associated candidate from strain table; genome not matched yet,BacDive-derived table + local Prodigal status,Pseudomonas syringae BD-277; niche=plant_associated; target_crop=tobacco; matched_genome=none
PBM178,wheat,association_only,Plant-associated candidate from strain table; genome not matched yet,BacDive-derived table + local Prodigal status,Pseudomonas syringae BD-278; niche=plant_associated; target_crop=wheat; matched_genome=none
PBM179,soybean,association_only,Plant-associated candidate from strain table; genome not matched yet,BacDive-derived table + local Prodigal status,Pseudomonas syringae BD-279; niche=plant_associated; target_crop=soybean; matched_genome=none
PBM180,common_bean,association_only,Plant-associated candidate from strain table; genome not matched yet,BacDive-derived table + local Prodigal status,Pseudomonas syringae BD-280; niche=plant_associated; target_crop=common_bean; matched_genome=none
PBM181,common_bean,association_only,Plant-associated candidate from strain table; genome not matched yet,BacDive-derived table + local Prodigal status,Pseudomonas marginalis BD-281; niche=plant_associated; target_crop=common_bean; matched_genome=none
PBM182,tomato,genome_only,Plant-associated candidate with local Prodigal protein prediction available,BacDive-derived table + local Prodigal status,Pseudomonas corrugata BD-282; niche=plant_associated; target_crop=tomato; matched_genome=pseudomonas_corrugata__GCF_050920615.1
PBM183,tobacco,genome_only,Plant-associated candidate with local Prodigal protein prediction available,BacDive-derived table + local Prodigal status,Pseudomonas cichorii BD-283; niche=plant_associated; target_crop=tobacco; matched_genome=pseudomonas_cichorii__GCF_018343775.1
PBM184,soybean,association_only,Plant-associated candidate from strain table; genome not matched yet,BacDive-derived table + local Prodigal status,Pseudomonas hydrolytica BD-284; niche=soil; target_crop=soybean; matched_genome=none
PBM185,soybean,association_only,Plant-associated candidate from strain table; genome not matched yet,BacDive-derived table + local Prodigal status,Pseudomonas saxonica BD-285; niche=plant_associated; target_crop=soybean; matched_genome=none
PBM186,soybean,association_only,Plant-associated candidate from strain table; genome not matched yet,BacDive-derived table + local Prodigal status,Pseudomonas saxonica BD-286; niche=plant_associated; target_crop=soybean; matched_genome=none
PBM187,soybean,association_only,Plant-associated candidate from strain table; genome not matched yet,BacDive-derived table + local Prodigal status,Pseudomonas moraviensis BD-287; niche=phyllosphere; target_crop=soybean; matched_genome=none
PBM188,tomato,genome_only,Plant-associated candidate with local Prodigal protein prediction available,BacDive-derived table + local Prodigal status,Pseudomonas floridensis BD-288; niche=phyllosphere; target_crop=tomato; matched_genome=pseudomonas_floridensis__GCF_002087235.1
PBM189,rice,association_only,Plant-associated candidate from strain table; genome not matched yet,BacDive-derived table + local Prodigal status,Pseudomonas salomonii BD-289; niche=soil; target_crop=rice; matched_genome=none
PBM190,rice,association_only,Plant-associated candidate from strain table; genome not matched yet,BacDive-derived table + local Prodigal status,Pseudomonas sp. BD-290; niche=rhizosphere; target_crop=rice; matched_genome=none
PBM191,rice,association_only,Plant-associated candidate from strain table; genome not matched yet,BacDive-derived table + local Prodigal status,Pseudomonas putida BD-291; niche=plant_associated; target_crop=rice; matched_genome=none
PBM192,rice,genome_only,Plant-associated candidate with local Prodigal protein prediction available,BacDive-derived table + local Prodigal status,Pseudomonas aeruginosa BD-292; niche=soil; target_crop=rice; matched_genome=pseudomonas_aeruginosa__GCF_000006765.1
PBM193,rice,association_only,Plant-associated candidate from strain table; genome not matched yet,BacDive-derived table + local Prodigal status,Pseudomonas putida BD-293; niche=soil; target_crop=rice; matched_genome=none
PBM194,rice,association_only,Plant-associated candidate from strain table; genome not matched yet,BacDive-derived table + local Prodigal status,Pseudomonas oryzihabitans BD-294; niche=plant_associated; target_crop=rice; matched_genome=none
PBM195,rice,association_only,Plant-associated candidate from strain table; genome not matched yet,BacDive-derived table + local Prodigal status,Pseudomonas oryzihabitans BD-295; niche=plant_associated; target_crop=rice; matched_genome=none
PBM196,rice,association_only,Plant-associated candidate from strain table; genome not matched yet,BacDive-derived table + local Prodigal status,Pseudomonas oryzihabitans BD-296; niche=plant_associated; target_crop=rice; matched_genome=none
PBM197,rice,association_only,Plant-associated candidate from strain table; genome not matched yet,BacDive-derived table + local Prodigal status,Pseudomonas oryzihabitans BD-297; niche=plant_associated; target_crop=rice; matched_genome=none
PBM198,rice,association_only,Plant-associated candidate from strain table; genome not matched yet,BacDive-derived table + local Prodigal status,Pseudomonas oryzihabitans BD-298; niche=plant_associated; target_crop=rice; matched_genome=none
PBM199,rice,association_only,Plant-associated candidate from strain table; genome not matched yet,BacDive-derived table + local Prodigal status,Pseudomonas oryzihabitans BD-299; niche=plant_associated; target_crop=rice; matched_genome=none
PBM200,rice,association_only,Plant-associated candidate from strain table; genome not matched yet,BacDive-derived table + local Prodigal status,Pseudomonas oryzihabitans BD-300; niche=plant_associated; target_crop=rice; matched_genome=none
PBM201,rice,association_only,Plant-associated candidate from strain table; genome not matched yet,BacDive-derived table + local Prodigal status,Pseudomonas oryzihabitans BD-301; niche=plant_associated; target_crop=rice; matched_genome=none
PBM202,rice,association_only,Plant-associated candidate from strain table; genome not matched yet,BacDive-derived table + local Prodigal status,Pseudomonas oryzihabitans BD-302; niche=plant_associated; target_crop=rice; matched_genome=none
PBM203,rice,association_only,Plant-associated candidate from strain table; genome not matched yet,BacDive-derived table + local Prodigal status,Pseudomonas oryzihabitans BD-303; niche=plant_associated; target_crop=rice; matched_genome=none
PBM204,rice,association_only,Plant-associated candidate from strain table; genome not matched yet,BacDive-derived table + local Prodigal status,Pseudomonas oryzihabitans BD-304; niche=plant_associated; target_crop=rice; matched_genome=none
PBM205,rice,association_only,Plant-associated candidate from strain table; genome not matched yet,BacDive-derived table + local Prodigal status,Pseudomonas oryzihabitans BD-305; niche=plant_associated; target_crop=rice; matched_genome=none
PBM206,soybean,association_only,Plant-associated candidate from strain table; genome not matched yet,BacDive-derived table + local Prodigal status,Pseudomonas akappageensis BD-306; niche=soil; target_crop=soybean; matched_genome=none
PBM207,rice,association_only,Plant-associated candidate from strain table; genome not matched yet,BacDive-derived table + local Prodigal status,Pseudomonas rhizoryzae BD-307; niche=soil; target_crop=rice; matched_genome=none
PBM208,tobacco,association_only,Plant-associated candidate from strain table; genome not matched yet,BacDive-derived table + local Prodigal status,Pseudomonas laurentiana BD-308; niche=soil; target_crop=tobacco; matched_genome=none
PBM209,wheat,genome_only,Plant-associated candidate with local Prodigal protein prediction available,BacDive-derived table + local Prodigal status,Pseudomonas aeruginosa BD-309; niche=soil; target_crop=wheat; matched_genome=pseudomonas_aeruginosa__GCF_000006765.1
PBM210,soybean,association_only,Plant-associated candidate from strain table; genome not matched yet,BacDive-derived table + local Prodigal status,Pseudomonas glycinae BD-310; niche=rhizosphere; target_crop=soybean; matched_genome=none
PBM211,wheat,association_only,Plant-associated candidate from strain table; genome not matched yet,BacDive-derived table + local Prodigal status,Pseudomonas nitroreducens BD-311; niche=soil; target_crop=wheat; matched_genome=none
PBM212,wheat,genome_only,Plant-associated candidate with local Prodigal protein prediction available,BacDive-derived table + local Prodigal status,Pseudomonas crudilactis BD-312; niche=rhizosphere; target_crop=wheat; matched_genome=pseudomonas_crudilactis__GCF_013433315.1
PBM213,soybean,association_only,Plant-associated candidate from strain table; genome not matched yet,BacDive-derived table + local Prodigal status,Pseudomonas sp. BD-313; niche=plant_associated; target_crop=soybean; matched_genome=none
PBM214,wheat,association_only,Plant-associated candidate from strain table; genome not matched yet,BacDive-derived table + local Prodigal status,Pseudomonas prosekii BD-314; niche=rhizosphere; target_crop=wheat; matched_genome=none
PBM215,soybean,association_only,Plant-associated candidate from strain table; genome not matched yet,BacDive-derived table + local Prodigal status,Pseudomonas haemolytica BD-315; niche=plant_associated; target_crop=soybean; matched_genome=none
PBM216,potato,genome_only,Plant-associated candidate with local Prodigal protein prediction available,BacDive-derived table + local Prodigal status,Pseudomonas endophytica BD-316; niche=endosphere; target_crop=potato; matched_genome=pseudomonas_endophytica__GCF_001411475.1
PBM217,tobacco,genome_only,Plant-associated candidate with local Prodigal protein prediction available,BacDive-derived table + local Prodigal status,Pseudomonas coleopterorum BD-317; niche=phyllosphere; target_crop=tobacco; matched_genome=pseudomonas_coleopterorum__GCF_900105555.1
PBM218,wheat,association_only,Plant-associated candidate from strain table; genome not matched yet,BacDive-derived table + local Prodigal status,Pseudomonas linyingensis BD-318; niche=soil; target_crop=wheat; matched_genome=none
PBM219,wheat,genome_only,Plant-associated candidate with local Prodigal protein prediction available,BacDive-derived table + local Prodigal status,Pseudomonas cyclaminis BD-319; niche=soil; target_crop=wheat; matched_genome=pseudomonas_cyclaminis__GCF_015163715.1
PBM220,tobacco,genome_only,Plant-associated candidate with local Prodigal protein prediction available,BacDive-derived table + local Prodigal status,Pseudomonas brassicae BD-320; niche=soil; target_crop=tobacco; matched_genome=pseudomonas_brassicae__GCF_010671725.1
PBM221,common_bean,association_only,Plant-associated candidate from strain table; genome not matched yet,BacDive-derived table + local Prodigal status,Pseudomonas viciae BD-321; niche=rhizosphere; target_crop=common_bean; matched_genome=none
PBM222,common_bean,genome_only,Plant-associated candidate with local Prodigal protein prediction available,BacDive-derived table + local Prodigal status,Pseudomonas alvandae BD-322; niche=rhizosphere; target_crop=common_bean; matched_genome=pseudomonas_alvandae__GCF_019141525.1
PBM223,tobacco,association_only,Plant-associated candidate from strain table; genome not matched yet,BacDive-derived table + local Prodigal status,Pseudomonas palmensis BD-323; niche=soil; target_crop=tobacco; matched_genome=none
PBM224,common_bean,genome_only,Plant-associated candidate with local Prodigal protein prediction available,BacDive-derived table + local Prodigal status,Pseudomonas bijieensis BD-324; niche=rhizosphere; target_crop=common_bean; matched_genome=pseudomonas_bijieensis__GCF_023330585.1
PBM225,tomato,genome_only,Plant-associated candidate with local Prodigal protein prediction available,BacDive-derived table + local Prodigal status,Pseudomonas allii BD-325; niche=rhizosphere; target_crop=tomato; matched_genome=pseudomonas_allii__GCF_055380095.1
PBM226,rice,association_only,Plant-associated candidate from strain table; genome not matched yet,BacDive-derived table + local Prodigal status,Pseudomonas sp. BD-326; niche=rhizosphere; target_crop=rice; matched_genome=none
PBM227,potato,association_only,Plant-associated candidate from strain table; genome not matched yet,BacDive-derived table + local Prodigal status,Pseudomonas nunensis BD-327; niche=soil; target_crop=potato; matched_genome=none
PBM228,rice,association_only,Plant-associated candidate from strain table; genome not matched yet,BacDive-derived table + local Prodigal status,Pseudomonas oryzagri BD-328; niche=soil; target_crop=rice; matched_genome=none
PBM229,tobacco,association_only,Plant-associated candidate from strain table; genome not matched yet,BacDive-derived table + local Prodigal status,Pseudomonas lijiangensis BD-329; niche=plant_associated; target_crop=tobacco; matched_genome=none
PBM230,wheat,association_only,Plant-associated candidate from strain table; genome not matched yet,BacDive-derived table + local Prodigal status,Pseudomonas triticifolii BD-330; niche=phyllosphere; target_crop=wheat; matched_genome=none
PBM231,wheat,genome_only,Plant-associated candidate with local Prodigal protein prediction available,BacDive-derived table + local Prodigal status,Pseudomonas folii BD-331; niche=phyllosphere; target_crop=wheat; matched_genome=pseudomonas_folii__GCF_014357575.1
PBM232,wheat,association_only,Plant-associated candidate from strain table; genome not matched yet,BacDive-derived table + local Prodigal status,Pseudomonas sp. BD-332; niche=rhizosphere; target_crop=wheat; matched_genome=none
PBM233,wheat,association_only,Plant-associated candidate from strain table; genome not matched yet,BacDive-derived table + local Prodigal status,Pseudomonas sp. BD-333; niche=rhizosphere; target_crop=wheat; matched_genome=none
PBM234,wheat,association_only,Plant-associated candidate from strain table; genome not matched yet,BacDive-derived table + local Prodigal status,Pseudomonas sp. BD-334; niche=rhizosphere; target_crop=wheat; matched_genome=none
PBM235,wheat,association_only,Plant-associated candidate from strain table; genome not matched yet,BacDive-derived table + local Prodigal status,Pseudomonas sp. BD-335; niche=rhizosphere; target_crop=wheat; matched_genome=none
PBM236,wheat,association_only,Plant-associated candidate from strain table; genome not matched yet,BacDive-derived table + local Prodigal status,Pseudomonas sp. BD-336; niche=rhizosphere; target_crop=wheat; matched_genome=none
PBM237,wheat,association_only,Plant-associated candidate from strain table; genome not matched yet,BacDive-derived table + local Prodigal status,Pseudomonas sp. BD-337; niche=rhizosphere; target_crop=wheat; matched_genome=none
PBM238,wheat,association_only,Plant-associated candidate from strain table; genome not matched yet,BacDive-derived table + local Prodigal status,Pseudomonas sp. BD-338; niche=rhizosphere; target_crop=wheat; matched_genome=none
PBM239,wheat,association_only,Plant-associated candidate from strain table; genome not matched yet,BacDive-derived table + local Prodigal status,Pseudomonas sp. BD-339; niche=rhizosphere; target_crop=wheat; matched_genome=none
PBM240,wheat,association_only,Plant-associated candidate from strain table; genome not matched yet,BacDive-derived table + local Prodigal status,Pseudomonas sp. BD-340; niche=rhizosphere; target_crop=wheat; matched_genome=none
PBM241,wheat,association_only,Plant-associated candidate from strain table; genome not matched yet,BacDive-derived table + local Prodigal status,Pseudomonas sp. BD-341; niche=rhizosphere; target_crop=wheat; matched_genome=none
PBM242,wheat,association_only,Plant-associated candidate from strain table; genome not matched yet,BacDive-derived table + local Prodigal status,Pseudomonas sp. BD-342; niche=rhizosphere; target_crop=wheat; matched_genome=none
PBM243,wheat,association_only,Plant-associated candidate from strain table; genome not matched yet,BacDive-derived table + local Prodigal status,Pseudomonas sp. BD-343; niche=rhizosphere; target_crop=wheat; matched_genome=none
PBM244,soybean,genome_only,Plant-associated candidate with local Prodigal protein prediction available,BacDive-derived table + local Prodigal status,Pseudomonas fontis BD-344; niche=plant_associated; target_crop=soybean; matched_genome=pseudomonas_fontis__GCF_028656975.1
PBM245,soybean,genome_only,Plant-associated candidate with local Prodigal protein prediction available,BacDive-derived table + local Prodigal status,Pseudomonas aphyarum BD-345; niche=plant_associated; target_crop=soybean; matched_genome=pseudomonas_aphyarum__GCF_028657055.1
PBM246,wheat,association_only,Plant-associated candidate from strain table; genome not matched yet,BacDive-derived table + local Prodigal status,Pseudomonas serboccidentalis BD-346; niche=rhizosphere; target_crop=wheat; matched_genome=none
PBM247,wheat,association_only,Plant-associated candidate from strain table; genome not matched yet,BacDive-derived table + local Prodigal status,Pseudomonas serbica BD-347; niche=rhizosphere; target_crop=wheat; matched_genome=none
PBM248,rice,genome_only,Plant-associated candidate with local Prodigal protein prediction available,BacDive-derived table + local Prodigal status,Pseudomonas beijingensis BD-348; niche=rhizosphere; target_crop=rice; matched_genome=pseudomonas_beijingensis__GCF_030687875.1
PBM249,wheat,association_only,Plant-associated candidate from strain table; genome not matched yet,BacDive-derived table + local Prodigal status,Pseudomonas pergaminensis BD-349; niche=soil; target_crop=wheat; matched_genome=none
PBM250,wheat,genome_only,Plant-associated candidate with local Prodigal protein prediction available,BacDive-derived table + local Prodigal status,Pseudomonas brassicacearum BD-350; niche=soil; target_crop=wheat; matched_genome=pseudomonas_brassicacearum__GCF_008370715.1
PBM251,wheat,association_only,Plant-associated candidate from strain table; genome not matched yet,BacDive-derived table + local Prodigal status,Pseudomonas sp. BD-351; niche=rhizosphere; target_crop=wheat; matched_genome=none
PBM252,wheat,association_only,Plant-associated candidate from strain table; genome not matched yet,BacDive-derived table + local Prodigal status,Pseudomonas sp. BD-352; niche=rhizosphere; target_crop=wheat; matched_genome=none
PBM253,wheat,association_only,Plant-associated candidate from strain table; genome not matched yet,BacDive-derived table + local Prodigal status,Pseudomonas sp. BD-353; niche=rhizosphere; target_crop=wheat; matched_genome=none
PBM254,wheat,association_only,Plant-associated candidate from strain table; genome not matched yet,BacDive-derived table + local Prodigal status,Pseudomonas sp. BD-354; niche=rhizosphere; target_crop=wheat; matched_genome=none
PBM255,soybean,genome_only,Plant-associated candidate with local Prodigal protein prediction available,BacDive-derived table + local Prodigal status,Bacillus pumilus BD-355; niche=soil; target_crop=soybean; matched_genome=bacillus_pumilus__GCF_000017885.4
PBM256,rice,genome_only,Plant-associated candidate with local Prodigal protein prediction available,BacDive-derived table + local Prodigal status,Bacillus mycoides BD-356; niche=rhizosphere; target_crop=rice; matched_genome=bacillus_mycoides__GCF_018739485.1
PBM257,wheat,genome_only,Plant-associated candidate with local Prodigal protein prediction available,BacDive-derived table + local Prodigal status,Bacillus licheniformis BD-357; niche=rhizosphere; target_crop=wheat; matched_genome=bacillus_licheniformis__GCF_034478925.1
PBM258,tomato,genome_only,Plant-associated candidate with local Prodigal protein prediction available,BacDive-derived table + local Prodigal status,Bacillus coagulans BD-358; niche=soil; target_crop=tomato; matched_genome=bacillus_coagulans__GCF_000832905.1
PBM259,wheat,genome_only,Plant-associated candidate with local Prodigal protein prediction available,BacDive-derived table + local Prodigal status,Bacillus coagulans BD-359; niche=rhizosphere; target_crop=wheat; matched_genome=bacillus_coagulans__GCF_000832905.1
PBM260,tomato,genome_only,Plant-associated candidate with local Prodigal protein prediction available,BacDive-derived table + local Prodigal status,Bacillus coagulans BD-360; niche=plant_associated; target_crop=tomato; matched_genome=bacillus_coagulans__GCF_000832905.1
PBM261,wheat,genome_only,Plant-associated candidate with local Prodigal protein prediction available,BacDive-derived table + local Prodigal status,Bacillus circulans BD-361; niche=rhizosphere; target_crop=wheat; matched_genome=bacillus_circulans__GCF_013267435.1
PBM262,wheat,genome_only,Plant-associated candidate with local Prodigal protein prediction available,BacDive-derived table + local Prodigal status,Bacillus cereus BD-362; niche=rhizosphere; target_crop=wheat; matched_genome=bacillus_cereus__GCF_006094295.1
PBM263,soybean,genome_only,Plant-associated candidate with local Prodigal protein prediction available,BacDive-derived table + local Prodigal status,Bacillus cereus BD-363; niche=soil; target_crop=soybean; matched_genome=bacillus_cereus__GCF_006094295.1
PBM264,soybean,genome_only,Plant-associated candidate with local Prodigal protein prediction available,BacDive-derived table + local Prodigal status,Bacillus cereus BD-364; niche=rhizosphere; target_crop=soybean; matched_genome=bacillus_cereus__GCF_006094295.1
PBM265,wheat,genome_only,Plant-associated candidate with local Prodigal protein prediction available,BacDive-derived table + local Prodigal status,Bacillus cereus BD-365; niche=rhizosphere; target_crop=wheat; matched_genome=bacillus_cereus__GCF_006094295.1
PBM266,wheat,genome_only,Plant-associated candidate with local Prodigal protein prediction available,BacDive-derived table + local Prodigal status,Bacillus cereus BD-366; niche=rhizosphere; target_crop=wheat; matched_genome=bacillus_cereus__GCF_006094295.1
PBM267,rice,genome_only,Plant-associated candidate with local Prodigal protein prediction available,BacDive-derived table + local Prodigal status,Bacillus cereus BD-367; niche=soil; target_crop=rice; matched_genome=bacillus_cereus__GCF_006094295.1
PBM268,wheat,genome_only,Plant-associated candidate with local Prodigal protein prediction available,BacDive-derived table + local Prodigal status,Bacillus cereus BD-368; niche=rhizosphere; target_crop=wheat; matched_genome=bacillus_cereus__GCF_006094295.1
PBM269,wheat,genome_only,Plant-associated candidate with local Prodigal protein prediction available,BacDive-derived table + local Prodigal status,Bacillus amyloliquefaciens BD-369; niche=rhizosphere; target_crop=wheat; matched_genome=bacillus_amyloliquefaciens__GCF_019396925.1
PBM270,soybean,genome_only,Plant-associated candidate with local Prodigal protein prediction available,BacDive-derived table + local Prodigal status,Bacillus smithii BD-370; niche=rhizosphere; target_crop=soybean; matched_genome=bacillus_smithii__GCF_001050115.1
PBM271,soybean,genome_only,Plant-associated candidate with local Prodigal protein prediction available,BacDive-derived table + local Prodigal status,Bacillus pumilus BD-371; niche=plant_associated; target_crop=soybean; matched_genome=bacillus_pumilus__GCF_000017885.4
PBM272,wheat,genome_only,Plant-associated candidate with local Prodigal protein prediction available,BacDive-derived table + local Prodigal status,Bacillus pumilus BD-372; niche=rhizosphere; target_crop=wheat; matched_genome=bacillus_pumilus__GCF_000017885.4
PBM273,tobacco,genome_only,Plant-associated candidate with local Prodigal protein prediction available,BacDive-derived table + local Prodigal status,Bacillus pumilus BD-373; niche=endosphere; target_crop=tobacco; matched_genome=bacillus_pumilus__GCF_000017885.4
PBM274,potato,genome_only,Plant-associated candidate with local Prodigal protein prediction available,BacDive-derived table + local Prodigal status,Bacillus subtilis BD-374; niche=rhizosphere; target_crop=potato; matched_genome=bacillus_subtilis__GCF_000009045.1
PBM275,tobacco,genome_only,Plant-associated candidate with local Prodigal protein prediction available,BacDive-derived table + local Prodigal status,Bacillus subtilis BD-375; niche=endosphere; target_crop=tobacco; matched_genome=bacillus_subtilis__GCF_000009045.1
PBM276,barley,genome_only,Plant-associated candidate with local Prodigal protein prediction available,BacDive-derived table + local Prodigal status,Bacillus subtilis BD-376; niche=rhizosphere; target_crop=barley; matched_genome=bacillus_subtilis__GCF_000009045.1
PBM277,soybean,genome_only,Plant-associated candidate with local Prodigal protein prediction available,BacDive-derived table + local Prodigal status,Bacillus subtilis BD-377; niche=soil; target_crop=soybean; matched_genome=bacillus_subtilis__GCF_000009045.1
PBM278,soybean,genome_only,Plant-associated candidate with local Prodigal protein prediction available,BacDive-derived table + local Prodigal status,Bacillus subtilis BD-378; niche=soil; target_crop=soybean; matched_genome=bacillus_subtilis__GCF_000009045.1
PBM279,pea,genome_only,Plant-associated candidate with local Prodigal protein prediction available,BacDive-derived table + local Prodigal status,Bacillus subtilis BD-379; niche=soil; target_crop=pea; matched_genome=bacillus_subtilis__GCF_000009045.1
PBM280,tomato,genome_only,Plant-associated candidate with local Prodigal protein prediction available,BacDive-derived table + local Prodigal status,Bacillus halotolerans BD-380; niche=endosphere; target_crop=tomato; matched_genome=bacillus_halotolerans__GCF_004006435.1
PBM281,pea,genome_only,Plant-associated candidate with local Prodigal protein prediction available,BacDive-derived table + local Prodigal status,Bacillus mojavensis BD-381; niche=rhizosphere; target_crop=pea; matched_genome=bacillus_mojavensis__GCF_012648005.1
PBM282,wheat,genome_only,Plant-associated candidate with local Prodigal protein prediction available,BacDive-derived table + local Prodigal status,Bacillus atrophaeus BD-382; niche=rhizosphere; target_crop=wheat; matched_genome=bacillus_atrophaeus__GCF_039519175.1
PBM283,soybean,genome_only,Plant-associated candidate with local Prodigal protein prediction available,BacDive-derived table + local Prodigal status,Bacillus benzoevorans BD-383; niche=soil; target_crop=soybean; matched_genome=bacillus_benzoevorans__GCF_014207535.1
PBM284,rice,genome_only,Plant-associated candidate with local Prodigal protein prediction available,BacDive-derived table + local Prodigal status,Bacillus benzoevorans BD-384; niche=rhizosphere; target_crop=rice; matched_genome=bacillus_benzoevorans__GCF_014207535.1
PBM285,barley,genome_only,Plant-associated candidate with local Prodigal protein prediction available,BacDive-derived table + local Prodigal status,Bacillus thuringiensis BD-385; niche=soil; target_crop=barley; matched_genome=bacillus_thuringiensis__GCF_000161615.1
PBM286,soybean,genome_only,Plant-associated candidate with local Prodigal protein prediction available,BacDive-derived table + local Prodigal status,Bacillus thuringiensis BD-386; niche=soil; target_crop=soybean; matched_genome=bacillus_thuringiensis__GCF_000161615.1
PBM287,barley,genome_only,Plant-associated candidate with local Prodigal protein prediction available,BacDive-derived table + local Prodigal status,Bacillus thuringiensis BD-387; niche=rhizosphere; target_crop=barley; matched_genome=bacillus_thuringiensis__GCF_000161615.1
PBM288,rice,genome_only,Plant-associated candidate with local Prodigal protein prediction available,BacDive-derived table + local Prodigal status,Bacillus subtilis BD-388; niche=rhizosphere; target_crop=rice; matched_genome=bacillus_subtilis__GCF_000009045.1
PBM289,cotton,genome_only,Plant-associated candidate with local Prodigal protein prediction available,BacDive-derived table + local Prodigal status,Bacillus halotolerans BD-389; niche=endosphere; target_crop=cotton; matched_genome=bacillus_halotolerans__GCF_004006435.1
PBM290,wheat,genome_only,Plant-associated candidate with local Prodigal protein prediction available,BacDive-derived table + local Prodigal status,Bacillus cytotoxicus BD-390; niche=rhizosphere; target_crop=wheat; matched_genome=bacillus_cytotoxicus__GCF_000017425.1
PBM291,rice,genome_only,Plant-associated candidate with local Prodigal protein prediction available,BacDive-derived table + local Prodigal status,Bacillus timonensis BD-391; niche=soil; target_crop=rice; matched_genome=bacillus_timonensis__GCF_000285535.1
PBM292,wheat,genome_only,Plant-associated candidate with local Prodigal protein prediction available,BacDive-derived table + local Prodigal status,Bacillus velezensis BD-392; niche=rhizosphere; target_crop=wheat; matched_genome=bacillus_velezensis__GCF_000015785.2
PBM293,wheat,genome_only,Plant-associated candidate with local Prodigal protein prediction available,BacDive-derived table + local Prodigal status,Bacillus siamensis BD-393; niche=rhizosphere; target_crop=wheat; matched_genome=bacillus_siamensis__GCF_051628075.1
PBM294,wheat,genome_only,Plant-associated candidate with local Prodigal protein prediction available,BacDive-derived table + local Prodigal status,Bacillus inaquosorum BD-394; niche=rhizosphere; target_crop=wheat; matched_genome=bacillus_inaquosorum__GCF_023238325.1
PBM295,soybean,genome_only,Plant-associated candidate with local Prodigal protein prediction available,BacDive-derived table + local Prodigal status,Bacillus infantis BD-395; niche=rhizosphere; target_crop=soybean; matched_genome=bacillus_infantis__GCF_979912685.1
PBM296,soybean,genome_only,Plant-associated candidate with local Prodigal protein prediction available,BacDive-derived table + local Prodigal status,Bacillus safensis BD-396; niche=endosphere; target_crop=soybean; matched_genome=bacillus_safensis_subsp._safensis__GCF_044336645.1
PBM297,soybean,genome_only,Plant-associated candidate with local Prodigal protein prediction available,BacDive-derived table + local Prodigal status,Bacillus altitudinis BD-397; niche=soil; target_crop=soybean; matched_genome=bacillus_altitudinis__GCF_001191605.1
PBM298,soybean,genome_only,Plant-associated candidate with local Prodigal protein prediction available,BacDive-derived table + local Prodigal status,Bacillus methanolicus BD-398; niche=soil; target_crop=soybean; matched_genome=bacillus_methanolicus__GCF_000262755.1
PBM299,wheat,genome_only,Plant-associated candidate with local Prodigal protein prediction available,BacDive-derived table + local Prodigal status,Bacillus sonorensis BD-399; niche=rhizosphere; target_crop=wheat; matched_genome=bacillus_sonorensis__GCF_034055115.1
PBM300,soybean,genome_only,Plant-associated candidate with local Prodigal protein prediction available,BacDive-derived table + local Prodigal status,Bacillus subtilis BD-400; niche=plant_associated; target_crop=soybean; matched_genome=bacillus_subtilis__GCF_000009045.1
PBM301,soybean,genome_only,Plant-associated candidate with local Prodigal protein prediction available,BacDive-derived table + local Prodigal status,Bacillus subtilis BD-401; niche=plant_associated; target_crop=soybean; matched_genome=bacillus_subtilis__GCF_000009045.1
PBM302,soybean,genome_only,Plant-associated candidate with local Prodigal protein prediction available,BacDive-derived table + local Prodigal status,Bacillus subtilis BD-402; niche=plant_associated; target_crop=soybean; matched_genome=bacillus_subtilis__GCF_000009045.1
PBM303,soybean,genome_only,Plant-associated candidate with local Prodigal protein prediction available,BacDive-derived table + local Prodigal status,Bacillus subtilis BD-403; niche=plant_associated; target_crop=soybean; matched_genome=bacillus_subtilis__GCF_000009045.1
PBM304,wheat,genome_only,Plant-associated candidate with local Prodigal protein prediction available,BacDive-derived table + local Prodigal status,Bacillus subtilis BD-404; niche=rhizosphere; target_crop=wheat; matched_genome=bacillus_subtilis__GCF_000009045.1
PBM305,soybean,genome_only,Plant-associated candidate with local Prodigal protein prediction available,BacDive-derived table + local Prodigal status,Bacillus subtilis BD-405; niche=rhizosphere; target_crop=soybean; matched_genome=bacillus_subtilis__GCF_000009045.1
PBM306,wheat,genome_only,Plant-associated candidate with local Prodigal protein prediction available,BacDive-derived table + local Prodigal status,Bacillus mycoides BD-406; niche=rhizosphere; target_crop=wheat; matched_genome=bacillus_mycoides__GCF_018739485.1
PBM307,wheat,genome_only,Plant-associated candidate with local Prodigal protein prediction available,BacDive-derived table + local Prodigal status,Bacillus pseudomycoides BD-407; niche=rhizosphere; target_crop=wheat; matched_genome=bacillus_pseudomycoides__GCF_000161455.1
PBM308,wheat,genome_only,Plant-associated candidate with local Prodigal protein prediction available,BacDive-derived table + local Prodigal status,Bacillus vallismortis BD-408; niche=rhizosphere; target_crop=wheat; matched_genome=bacillus_vallismortis__GCF_003667885.1
PBM309,wheat,genome_only,Plant-associated candidate with local Prodigal protein prediction available,BacDive-derived table + local Prodigal status,Bacillus tianshenii BD-409; niche=rhizosphere; target_crop=wheat; matched_genome=bacillus_tianshenii__GCF_016908565.1
PBM310,rice,genome_only,Plant-associated candidate with local Prodigal protein prediction available,BacDive-derived table + local Prodigal status,Bacillus velezensis BD-410; niche=rhizosphere; target_crop=rice; matched_genome=bacillus_velezensis__GCF_000015785.2
PBM311,rice,genome_only,Plant-associated candidate with local Prodigal protein prediction available,BacDive-derived table + local Prodigal status,Bacillus bingmayongensis BD-411; niche=rhizosphere; target_crop=rice; matched_genome=bacillus_bingmayongensis__GCF_000299035.1
PBM312,tobacco,genome_only,Plant-associated candidate with local Prodigal protein prediction available,BacDive-derived table + local Prodigal status,Bacillus subtilis BD-412; niche=plant_associated; target_crop=tobacco; matched_genome=bacillus_subtilis__GCF_000009045.1
PBM313,wheat,genome_only,Plant-associated candidate with local Prodigal protein prediction available,BacDive-derived table + local Prodigal status,Bacillus tequilensis BD-413; niche=rhizosphere; target_crop=wheat; matched_genome=bacillus_tequilensis__GCF_012225885.1
PBM314,tomato,genome_only,Plant-associated candidate with local Prodigal protein prediction available,BacDive-derived table + local Prodigal status,Bacillus halotolerans BD-414; niche=endosphere; target_crop=tomato; matched_genome=bacillus_halotolerans__GCF_004006435.1
PBM315,soybean,genome_only,Plant-associated candidate with local Prodigal protein prediction available,BacDive-derived table + local Prodigal status,Bacillus capparidis BD-415; niche=rhizosphere; target_crop=soybean; matched_genome=bacillus_capparidis__GCF_017832095.1
PBM316,wheat,genome_only,Plant-associated candidate with local Prodigal protein prediction available,BacDive-derived table + local Prodigal status,Bacillus wiedmannii BD-416; niche=rhizosphere; target_crop=wheat; matched_genome=bacillus_wiedmannii__GCF_008807735.1
PBM317,tomato,genome_only,Plant-associated candidate with local Prodigal protein prediction available,BacDive-derived table + local Prodigal status,Bacillus mycoides BD-417; niche=soil; target_crop=tomato; matched_genome=bacillus_mycoides__GCF_018739485.1
PBM318,tomato,genome_only,Plant-associated candidate with local Prodigal protein prediction available,BacDive-derived table + local Prodigal status,Bacillus mycoides BD-418; niche=soil; target_crop=tomato; matched_genome=bacillus_mycoides__GCF_018739485.1
PBM319,tomato,genome_only,Plant-associated candidate with local Prodigal protein prediction available,BacDive-derived table + local Prodigal status,Bacillus mycoides BD-419; niche=soil; target_crop=tomato; matched_genome=bacillus_mycoides__GCF_018739485.1
PBM320,tomato,genome_only,Plant-associated candidate with local Prodigal protein prediction available,BacDive-derived table + local Prodigal status,Bacillus mycoides BD-420; niche=soil; target_crop=tomato; matched_genome=bacillus_mycoides__GCF_018739485.1
PBM321,tomato,genome_only,Plant-associated candidate with local Prodigal protein prediction available,BacDive-derived table + local Prodigal status,Bacillus mycoides BD-421; niche=soil; target_crop=tomato; matched_genome=bacillus_mycoides__GCF_018739485.1
PBM322,tomato,genome_only,Plant-associated candidate with local Prodigal protein prediction available,BacDive-derived table + local Prodigal status,Bacillus mycoides BD-422; niche=soil; target_crop=tomato; matched_genome=bacillus_mycoides__GCF_018739485.1
PBM323,tomato,genome_only,Plant-associated candidate with local Prodigal protein prediction available,BacDive-derived table + local Prodigal status,Bacillus mycoides BD-423; niche=soil; target_crop=tomato; matched_genome=bacillus_mycoides__GCF_018739485.1
PBM324,tomato,genome_only,Plant-associated candidate with local Prodigal protein prediction available,BacDive-derived table + local Prodigal status,Bacillus mycoides BD-424; niche=soil; target_crop=tomato; matched_genome=bacillus_mycoides__GCF_018739485.1
PBM325,tomato,genome_only,Plant-associated candidate with local Prodigal protein prediction available,BacDive-derived table + local Prodigal status,Bacillus mycoides BD-425; niche=soil; target_crop=tomato; matched_genome=bacillus_mycoides__GCF_018739485.1
PBM326,tomato,genome_only,Plant-associated candidate with local Prodigal protein prediction available,BacDive-derived table + local Prodigal status,Bacillus mycoides BD-426; niche=soil; target_crop=tomato; matched_genome=bacillus_mycoides__GCF_018739485.1
PBM327,tomato,genome_only,Plant-associated candidate with local Prodigal protein prediction available,BacDive-derived table + local Prodigal status,Bacillus mycoides BD-427; niche=soil; target_crop=tomato; matched_genome=bacillus_mycoides__GCF_018739485.1
PBM328,tomato,genome_only,Plant-associated candidate with local Prodigal protein prediction available,BacDive-derived table + local Prodigal status,Bacillus mycoides BD-428; niche=soil; target_crop=tomato; matched_genome=bacillus_mycoides__GCF_018739485.1
PBM329,tomato,genome_only,Plant-associated candidate with local Prodigal protein prediction available,BacDive-derived table + local Prodigal status,Bacillus mycoides BD-429; niche=soil; target_crop=tomato; matched_genome=bacillus_mycoides__GCF_018739485.1
PBM330,tomato,genome_only,Plant-associated candidate with local Prodigal protein prediction available,BacDive-derived table + local Prodigal status,Bacillus thuringiensis BD-430; niche=soil; target_crop=tomato; matched_genome=bacillus_thuringiensis__GCF_000161615.1
PBM331,tomato,genome_only,Plant-associated candidate with local Prodigal protein prediction available,BacDive-derived table + local Prodigal status,Bacillus thuringiensis BD-431; niche=soil; target_crop=tomato; matched_genome=bacillus_thuringiensis__GCF_000161615.1
PBM332,tomato,genome_only,Plant-associated candidate with local Prodigal protein prediction available,BacDive-derived table + local Prodigal status,Bacillus thuringiensis BD-432; niche=soil; target_crop=tomato; matched_genome=bacillus_thuringiensis__GCF_000161615.1
PBM333,tomato,genome_only,Plant-associated candidate with local Prodigal protein prediction available,BacDive-derived table + local Prodigal status,Bacillus thuringiensis BD-433; niche=soil; target_crop=tomato; matched_genome=bacillus_thuringiensis__GCF_000161615.1
PBM334,tomato,genome_only,Plant-associated candidate with local Prodigal protein prediction available,BacDive-derived table + local Prodigal status,Bacillus thuringiensis BD-434; niche=soil; target_crop=tomato; matched_genome=bacillus_thuringiensis__GCF_000161615.1
PBM335,tomato,genome_only,Plant-associated candidate with local Prodigal protein prediction available,BacDive-derived table + local Prodigal status,Bacillus thuringiensis BD-435; niche=soil; target_crop=tomato; matched_genome=bacillus_thuringiensis__GCF_000161615.1
PBM336,tomato,genome_only,Plant-associated candidate with local Prodigal protein prediction available,BacDive-derived table + local Prodigal status,Bacillus thuringiensis BD-436; niche=soil; target_crop=tomato; matched_genome=bacillus_thuringiensis__GCF_000161615.1
PBM337,rice,genome_only,Plant-associated candidate with local Prodigal protein prediction available,BacDive-derived table + local Prodigal status,Bacillus oryzisoli BD-437; niche=rhizosphere; target_crop=rice; matched_genome=bacillus_oryzisoli__GCF_036670025.1
PBM338,rice,genome_only,Plant-associated candidate with local Prodigal protein prediction available,BacDive-derived table + local Prodigal status,Bacillus cereus BD-438; niche=soil; target_crop=rice; matched_genome=bacillus_cereus__GCF_006094295.1
PBM339,soybean,genome_only,Plant-associated candidate with local Prodigal protein prediction available,BacDive-derived table + local Prodigal status,Bacillus subtilis BD-439; niche=plant_associated; target_crop=soybean; matched_genome=bacillus_subtilis__GCF_000009045.1
PBM340,rice,genome_only,Plant-associated candidate with local Prodigal protein prediction available,BacDive-derived table + local Prodigal status,Bacillus subtilis BD-440; niche=endosphere; target_crop=rice; matched_genome=bacillus_subtilis__GCF_000009045.1
PBM341,tomato,genome_only,Plant-associated candidate with local Prodigal protein prediction available,BacDive-derived table + local Prodigal status,Bacillus halotolerans BD-441; niche=endosphere; target_crop=tomato; matched_genome=bacillus_halotolerans__GCF_004006435.1
PBM342,wheat,association_only,Plant-associated candidate from strain table; genome not matched yet,BacDive-derived table + local Prodigal status,Bacillus sp. BD-442; niche=rhizosphere; target_crop=wheat; matched_genome=none
PBM343,rice,genome_only,Plant-associated candidate with local Prodigal protein prediction available,BacDive-derived table + local Prodigal status,Bacillus thuringiensis BD-443; niche=plant_associated; target_crop=rice; matched_genome=bacillus_thuringiensis__GCF_000161615.1
PBM344,soybean,genome_only,Plant-associated candidate with local Prodigal protein prediction available,BacDive-derived table + local Prodigal status,Bacillus endozanthoxylicus BD-444; niche=endosphere; target_crop=soybean; matched_genome=bacillus_endozanthoxylicus__GCF_008710145.1
PBM345,rice,genome_only,Plant-associated candidate with local Prodigal protein prediction available,BacDive-derived table + local Prodigal status,Bacillus paramycoides BD-445; niche=soil; target_crop=rice; matched_genome=bacillus_paramycoides__GCF_001884235.1
PBM346,potato,genome_only,Plant-associated candidate with local Prodigal protein prediction available,BacDive-derived table + local Prodigal status,Bacillus mobilis BD-446; niche=rhizosphere; target_crop=potato; matched_genome=bacillus_mobilis__GCF_001884045.1
PBM347,wheat,genome_only,Plant-associated candidate with local Prodigal protein prediction available,BacDive-derived table + local Prodigal status,Bacillus haynesii BD-447; niche=rhizosphere; target_crop=wheat; matched_genome=bacillus_haynesii__GCF_014042035.1
PBM348,wheat,genome_only,Plant-associated candidate with local Prodigal protein prediction available,BacDive-derived table + local Prodigal status,Bacillus nakamurai BD-448; niche=rhizosphere; target_crop=wheat; matched_genome=bacillus_nakamurai__GCF_001584325.1
PBM349,potato,genome_only,Plant-associated candidate with local Prodigal protein prediction available,BacDive-derived table + local Prodigal status,Bacillus velezensis BD-449; niche=rhizosphere; target_crop=potato; matched_genome=bacillus_velezensis__GCF_000015785.2
PBM350,potato,genome_only,Plant-associated candidate with local Prodigal protein prediction available,BacDive-derived table + local Prodigal status,Bacillus subtilis BD-450; niche=plant_associated; target_crop=potato; matched_genome=bacillus_subtilis__GCF_000009045.1
PBM351,soybean,genome_only,Plant-associated candidate with local Prodigal protein prediction available,BacDive-derived table + local Prodigal status,Bacillus subtilis BD-451; niche=plant_associated; target_crop=soybean; matched_genome=bacillus_subtilis__GCF_000009045.1
PBM352,tobacco,association_only,Plant-associated candidate from strain table; genome not matched yet,BacDive-derived table + local Prodigal status,Bacillus sp. BD-452; niche=plant_associated; target_crop=tobacco; matched_genome=none
PBM353,tobacco,genome_only,Plant-associated candidate with local Prodigal protein prediction available,BacDive-derived table + local Prodigal status,Bacillus toyonensis BD-453; niche=rhizosphere; target_crop=tobacco; matched_genome=bacillus_toyonensis__GCF_016605985.1
PBM354,soybean,genome_only,Plant-associated candidate with local Prodigal protein prediction available,BacDive-derived table + local Prodigal status,Bacillus paralicheniformis BD-454; niche=soil; target_crop=soybean; matched_genome=bacillus_paralicheniformis__GCF_002993925.1
PBM355,soybean,genome_only,Plant-associated candidate with local Prodigal protein prediction available,BacDive-derived table + local Prodigal status,Bacillus glycinifermentans BD-455; niche=soil; target_crop=soybean; matched_genome=bacillus_glycinifermentans__GCF_004103615.1
PBM356,wheat,genome_only,Plant-associated candidate with local Prodigal protein prediction available,BacDive-derived table + local Prodigal status,Bacillus cabrialesii BD-456; niche=endosphere; target_crop=wheat; matched_genome=bacillus_cabrialesii__GCF_004124315.2
PBM357,wheat,genome_only,Plant-associated candidate with local Prodigal protein prediction available,BacDive-derived table + local Prodigal status,Bacillus cereus BD-457; niche=soil; target_crop=wheat; matched_genome=bacillus_cereus__GCF_006094295.1
PBM358,potato,genome_only,Plant-associated candidate with local Prodigal protein prediction available,BacDive-derived table + local Prodigal status,Bacillus cereus BD-458; niche=soil; target_crop=potato; matched_genome=bacillus_cereus__GCF_006094295.1
PBM359,common_bean,genome_only,Plant-associated candidate with local Prodigal protein prediction available,BacDive-derived table + local Prodigal status,Bacillus cereus BD-459; niche=phyllosphere; target_crop=common_bean; matched_genome=bacillus_cereus__GCF_006094295.1
PBM360,wheat,genome_only,Plant-associated candidate with local Prodigal protein prediction available,BacDive-derived table + local Prodigal status,Bacillus cereus BD-460; niche=soil; target_crop=wheat; matched_genome=bacillus_cereus__GCF_006094295.1
PBM361,rice,genome_only,Plant-associated candidate with local Prodigal protein prediction available,BacDive-derived table + local Prodigal status,Bacillus cereus BD-461; niche=soil; target_crop=rice; matched_genome=bacillus_cereus__GCF_006094295.1
PBM362,rice,genome_only,Plant-associated candidate with local Prodigal protein prediction available,BacDive-derived table + local Prodigal status,Bacillus cereus BD-462; niche=soil; target_crop=rice; matched_genome=bacillus_cereus__GCF_006094295.1
PBM363,rice,genome_only,Plant-associated candidate with local Prodigal protein prediction available,BacDive-derived table + local Prodigal status,Bacillus cereus BD-463; niche=plant_associated; target_crop=rice; matched_genome=bacillus_cereus__GCF_006094295.1
PBM364,tomato,genome_only,Plant-associated candidate with local Prodigal protein prediction available,BacDive-derived table + local Prodigal status,Bacillus cereus BD-464; niche=plant_associated; target_crop=tomato; matched_genome=bacillus_cereus__GCF_006094295.1
PBM365,wheat,genome_only,Plant-associated candidate with local Prodigal protein prediction available,BacDive-derived table + local Prodigal status,Bacillus cereus BD-465; niche=soil; target_crop=wheat; matched_genome=bacillus_cereus__GCF_006094295.1
PBM366,cotton,genome_only,Plant-associated candidate with local Prodigal protein prediction available,BacDive-derived table + local Prodigal status,Bacillus cereus BD-466; niche=soil; target_crop=cotton; matched_genome=bacillus_cereus__GCF_006094295.1
PBM367,wheat,genome_only,Plant-associated candidate with local Prodigal protein prediction available,BacDive-derived table + local Prodigal status,Bacillus cereus BD-467; niche=plant_associated; target_crop=wheat; matched_genome=bacillus_cereus__GCF_006094295.1
PBM368,wheat,genome_only,Plant-associated candidate with local Prodigal protein prediction available,BacDive-derived table + local Prodigal status,Bacillus cereus BD-468; niche=plant_associated; target_crop=wheat; matched_genome=bacillus_cereus__GCF_006094295.1
PBM369,barley,genome_only,Plant-associated candidate with local Prodigal protein prediction available,BacDive-derived table + local Prodigal status,Bacillus cereus BD-469; niche=endosphere; target_crop=barley; matched_genome=bacillus_cereus__GCF_006094295.1
PBM370,soybean,genome_only,Plant-associated candidate with local Prodigal protein prediction available,BacDive-derived table + local Prodigal status,Bacillus cereus BD-470; niche=endosphere; target_crop=soybean; matched_genome=bacillus_cereus__GCF_006094295.1
PBM371,rice,genome_only,Plant-associated candidate with local Prodigal protein prediction available,BacDive-derived table + local Prodigal status,Bacillus cereus BD-471; niche=endosphere; target_crop=rice; matched_genome=bacillus_cereus__GCF_006094295.1
PBM372,rice,genome_only,Plant-associated candidate with local Prodigal protein prediction available,BacDive-derived table + local Prodigal status,Bacillus cereus BD-472; niche=endosphere; target_crop=rice; matched_genome=bacillus_cereus__GCF_006094295.1
PBM373,wheat,genome_only,Plant-associated candidate with local Prodigal protein prediction available,BacDive-derived table + local Prodigal status,Bacillus cereus BD-473; niche=rhizosphere; target_crop=wheat; matched_genome=bacillus_cereus__GCF_006094295.1
PBM374,rice,genome_only,Plant-associated candidate with local Prodigal protein prediction available,BacDive-derived table + local Prodigal status,Bacillus cereus BD-474; niche=plant_associated; target_crop=rice; matched_genome=bacillus_cereus__GCF_006094295.1
PBM375,common_bean,genome_only,Plant-associated candidate with local Prodigal protein prediction available,BacDive-derived table + local Prodigal status,Bacillus mexicanus BD-475; niche=plant_associated; target_crop=common_bean; matched_genome=bacillus_mexicanus__GCF_050445615.1
