nitrogen_fixation_score,phosphate_solubilization_score,siderophore_score,iaa_score,acc_deaminase_score,biocontrol_score,stress_tolerance_score,colonization_score,secondary_metabolite_score,strain_id,raw_features
0.8,0.0,0.0,0.6,0.3,0.0,0.5,0.6,0.0,PBM001,genus_level_prior; niche=rhizosphere; target_crop=rice; has_prodigal_faa=True; n_proteins=5816; functional genes not yet annotated
0.8,0.0,0.0,0.6,0.3,0.0,0.5,0.6,0.0,PBM002,genus_level_prior; niche=soil; target_crop=soybean; has_prodigal_faa=True; n_proteins=6226; functional genes not yet annotated
0.8,0.0,0.0,0.6,0.3,0.0,0.5,0.6,0.0,PBM003,genus_level_prior; niche=rhizosphere; target_crop=wheat; has_prodigal_faa=True; n_proteins=6834; functional genes not yet annotated
0.8,0.0,0.0,0.6,0.3,0.0,0.5,0.6,0.0,PBM004,genus_level_prior; niche=plant_associated; target_crop=rice; has_prodigal_faa=False; n_proteins=0; functional genes not yet annotated
0.8,0.0,0.0,0.6,0.3,0.0,0.5,0.6,0.0,PBM005,genus_level_prior; niche=soil; target_crop=rice; has_prodigal_faa=False; n_proteins=0; functional genes not yet annotated
0.8,0.0,0.0,0.6,0.3,0.0,0.5,0.6,0.0,PBM006,genus_level_prior; niche=soil; target_crop=rice; has_prodigal_faa=False; n_proteins=0; functional genes not yet annotated
0.8,0.0,0.0,0.6,0.3,0.0,0.5,0.6,0.0,PBM007,genus_level_prior; niche=rhizosphere; target_crop=wheat; has_prodigal_faa=True; n_proteins=6290; functional genes not yet annotated
0.8,0.0,0.0,0.6,0.3,0.0,0.5,0.6,0.0,PBM008,genus_level_prior; niche=rhizosphere; target_crop=tobacco; has_prodigal_faa=True; n_proteins=6290; functional genes not yet annotated
0.8,0.0,0.0,0.6,0.3,0.0,0.5,0.6,0.0,PBM009,genus_level_prior; niche=rhizosphere; target_crop=wheat; has_prodigal_faa=True; n_proteins=7050; functional genes not yet annotated
0.8,0.0,0.0,0.6,0.3,0.0,0.5,0.6,0.0,PBM010,genus_level_prior; niche=rhizosphere; target_crop=wheat; has_prodigal_faa=False; n_proteins=0; functional genes not yet annotated
0.8,0.0,0.0,0.6,0.3,0.0,0.5,0.6,0.0,PBM011,genus_level_prior; niche=rhizosphere; target_crop=wheat; has_prodigal_faa=True; n_proteins=8791; functional genes not yet annotated
0.8,0.0,0.0,0.6,0.3,0.0,0.5,0.6,0.0,PBM012,genus_level_prior; niche=plant_associated; target_crop=wheat; has_prodigal_faa=True; n_proteins=7076; functional genes not yet annotated
0.8,0.0,0.0,0.6,0.3,0.0,0.5,0.6,0.0,PBM013,genus_level_prior; niche=rhizosphere; target_crop=rice; has_prodigal_faa=True; n_proteins=6019; functional genes not yet annotated
0.8,0.0,0.0,0.6,0.3,0.0,0.5,0.6,0.0,PBM014,genus_level_prior; niche=rhizosphere; target_crop=wheat; has_prodigal_faa=True; n_proteins=6629; functional genes not yet annotated
0.8,0.0,0.0,0.6,0.3,0.0,0.5,0.6,0.0,PBM015,genus_level_prior; niche=rhizosphere; target_crop=wheat; has_prodigal_faa=True; n_proteins=6224; functional genes not yet annotated
0.8,0.0,0.0,0.6,0.3,0.0,0.5,0.6,0.0,PBM016,genus_level_prior; niche=rhizosphere; target_crop=wheat; has_prodigal_faa=True; n_proteins=6775; functional genes not yet annotated
0.8,0.0,0.0,0.6,0.3,0.0,0.5,0.6,0.0,PBM017,genus_level_prior; niche=rhizosphere; target_crop=wheat; has_prodigal_faa=True; n_proteins=5923; functional genes not yet annotated
0.8,0.0,0.0,0.6,0.3,0.0,0.5,0.6,0.0,PBM018,genus_level_prior; niche=rhizosphere; target_crop=wheat; has_prodigal_faa=True; n_proteins=5923; functional genes not yet annotated
0.8,0.0,0.0,0.6,0.3,0.0,0.5,0.6,0.0,PBM019,genus_level_prior; niche=rhizosphere; target_crop=wheat; has_prodigal_faa=True; n_proteins=6290; functional genes not yet annotated
0.8,0.0,0.0,0.6,0.3,0.0,0.5,0.6,0.0,PBM020,genus_level_prior; niche=rhizosphere; target_crop=wheat; has_prodigal_faa=True; n_proteins=6290; functional genes not yet annotated
0.8,0.0,0.0,0.6,0.3,0.0,0.5,0.6,0.0,PBM021,genus_level_prior; niche=rhizosphere; target_crop=wheat; has_prodigal_faa=True; n_proteins=6290; functional genes not yet annotated
0.0,0.0,0.9,0.3,0.0,0.8,0.4,0.6,0.5,PBM022,genus_level_prior; niche=plant_associated; target_crop=soybean; has_prodigal_faa=True; n_proteins=5889; functional genes not yet annotated
0.0,0.0,0.9,0.3,0.0,0.8,0.4,0.6,0.5,PBM023,genus_level_prior; niche=soil; target_crop=rye; has_prodigal_faa=True; n_proteins=5889; functional genes not yet annotated
0.0,0.0,0.9,0.3,0.0,0.8,0.4,0.6,0.5,PBM024,genus_level_prior; niche=rhizosphere; target_crop=wheat; has_prodigal_faa=True; n_proteins=5889; functional genes not yet annotated
0.0,0.0,0.9,0.3,0.0,0.8,0.4,0.6,0.5,PBM025,genus_level_prior; niche=rhizosphere; target_crop=soybean; has_prodigal_faa=True; n_proteins=5889; functional genes not yet annotated
0.0,0.0,0.9,0.3,0.0,0.8,0.4,0.6,0.5,PBM026,genus_level_prior; niche=rhizosphere; target_crop=soybean; has_prodigal_faa=True; n_proteins=5889; functional genes not yet annotated
0.0,0.0,0.9,0.3,0.0,0.8,0.4,0.6,0.5,PBM027,genus_level_prior; niche=soil; target_crop=soybean; has_prodigal_faa=True; n_proteins=5889; functional genes not yet annotated
0.0,0.0,0.9,0.3,0.0,0.8,0.4,0.6,0.5,PBM028,genus_level_prior; niche=soil; target_crop=soybean; has_prodigal_faa=True; n_proteins=5889; functional genes not yet annotated
0.0,0.0,0.9,0.3,0.0,0.8,0.4,0.6,0.5,PBM029,genus_level_prior; niche=soil; target_crop=soybean; has_prodigal_faa=True; n_proteins=5889; functional genes not yet annotated
0.0,0.0,0.9,0.3,0.0,0.8,0.4,0.6,0.5,PBM030,genus_level_prior; niche=soil; target_crop=soybean; has_prodigal_faa=True; n_proteins=5889; functional genes not yet annotated
0.0,0.0,0.8,0.3,0.0,0.6,0.4,0.6,0.5,PBM031,genus_level_prior; niche=plant_associated; target_crop=soybean; has_prodigal_faa=True; n_proteins=6083; functional genes not yet annotated
0.0,0.0,0.8,0.3,0.0,0.6,0.4,0.6,0.5,PBM032,genus_level_prior; niche=phyllosphere; target_crop=tomato; has_prodigal_faa=True; n_proteins=5085; functional genes not yet annotated
0.0,0.0,0.8,0.3,0.0,0.6,0.4,0.6,0.5,PBM033,genus_level_prior; niche=rhizosphere; target_crop=potato; has_prodigal_faa=False; n_proteins=0; functional genes not yet annotated
0.0,0.0,0.8,0.3,0.0,0.6,0.4,0.6,0.5,PBM034,genus_level_prior; niche=rhizosphere; target_crop=wheat; has_prodigal_faa=True; n_proteins=4029; functional genes not yet annotated
0.0,0.0,0.8,0.3,0.0,0.6,0.4,0.6,0.5,PBM035,genus_level_prior; niche=rhizosphere; target_crop=rye; has_prodigal_faa=True; n_proteins=5681; functional genes not yet annotated
0.0,0.0,0.8,0.3,0.0,0.6,0.4,0.6,0.5,PBM036,genus_level_prior; niche=rhizosphere; target_crop=wheat; has_prodigal_faa=True; n_proteins=5681; functional genes not yet annotated
0.0,0.0,0.8,0.3,0.0,0.6,0.4,0.6,0.5,PBM037,genus_level_prior; niche=phyllosphere; target_crop=sunflower; has_prodigal_faa=True; n_proteins=5681; functional genes not yet annotated
0.0,0.0,0.8,0.3,0.0,0.6,0.4,0.6,0.5,PBM038,genus_level_prior; niche=rhizosphere; target_crop=wheat; has_prodigal_faa=True; n_proteins=5681; functional genes not yet annotated
0.0,0.0,0.8,0.3,0.0,0.6,0.4,0.6,0.5,PBM039,genus_level_prior; niche=soil; target_crop=wheat; has_prodigal_faa=True; n_proteins=5681; functional genes not yet annotated
0.0,0.0,0.8,0.3,0.0,0.6,0.4,0.6,0.5,PBM040,genus_level_prior; niche=phyllosphere; target_crop=soybean; has_prodigal_faa=True; n_proteins=5681; functional genes not yet annotated
0.0,0.0,0.8,0.3,0.0,0.6,0.4,0.6,0.5,PBM041,genus_level_prior; niche=rhizosphere; target_crop=tomato; has_prodigal_faa=True; n_proteins=5681; functional genes not yet annotated
0.0,0.0,0.8,0.3,0.0,0.6,0.4,0.6,0.5,PBM042,genus_level_prior; niche=rhizosphere; target_crop=rice; has_prodigal_faa=True; n_proteins=5681; functional genes not yet annotated
0.0,0.0,0.8,0.3,0.0,0.6,0.4,0.6,0.5,PBM043,genus_level_prior; niche=rhizosphere; target_crop=wheat; has_prodigal_faa=True; n_proteins=5681; functional genes not yet annotated
0.0,0.0,0.8,0.3,0.0,0.6,0.4,0.6,0.5,PBM044,genus_level_prior; niche=rhizosphere; target_crop=soybean; has_prodigal_faa=False; n_proteins=0; functional genes not yet annotated
0.0,0.0,0.8,0.3,0.0,0.6,0.4,0.6,0.5,PBM045,genus_level_prior; niche=soil; target_crop=soybean; has_prodigal_faa=False; n_proteins=0; functional genes not yet annotated
0.0,0.0,0.8,0.3,0.0,0.6,0.4,0.6,0.5,PBM046,genus_level_prior; niche=plant_associated; target_crop=soybean; has_prodigal_faa=False; n_proteins=0; functional genes not yet annotated
0.0,0.0,0.8,0.3,0.0,0.6,0.4,0.6,0.5,PBM047,genus_level_prior; niche=soil; target_crop=soybean; has_prodigal_faa=False; n_proteins=0; functional genes not yet annotated
0.0,0.0,0.8,0.3,0.0,0.6,0.4,0.6,0.5,PBM048,genus_level_prior; niche=plant_associated; target_crop=common_bean; has_prodigal_faa=False; n_proteins=0; functional genes not yet annotated
0.0,0.0,0.8,0.3,0.0,0.6,0.4,0.6,0.5,PBM049,genus_level_prior; niche=plant_associated; target_crop=common_bean; has_prodigal_faa=False; n_proteins=0; functional genes not yet annotated
0.0,0.0,0.8,0.3,0.0,0.6,0.4,0.6,0.5,PBM050,genus_level_prior; niche=plant_associated; target_crop=common_bean; has_prodigal_faa=False; n_proteins=0; functional genes not yet annotated
0.0,0.0,0.8,0.3,0.0,0.6,0.4,0.6,0.5,PBM051,genus_level_prior; niche=phyllosphere; target_crop=soybean; has_prodigal_faa=False; n_proteins=0; functional genes not yet annotated
0.0,0.0,0.9,0.3,0.0,0.8,0.4,0.6,0.5,PBM052,genus_level_prior; niche=plant_associated; target_crop=soybean; has_prodigal_faa=False; n_proteins=0; functional genes not yet annotated
0.0,0.0,0.9,0.3,0.0,0.8,0.4,0.6,0.5,PBM053,genus_level_prior; niche=plant_associated; target_crop=soybean; has_prodigal_faa=False; n_proteins=0; functional genes not yet annotated
0.0,0.0,0.9,0.3,0.0,0.8,0.4,0.6,0.5,PBM054,genus_level_prior; niche=soil; target_crop=soybean; has_prodigal_faa=False; n_proteins=0; functional genes not yet annotated
0.0,0.0,0.9,0.3,0.0,0.8,0.4,0.6,0.5,PBM055,genus_level_prior; niche=rhizosphere; target_crop=barley; has_prodigal_faa=False; n_proteins=0; functional genes not yet annotated
0.0,0.0,0.9,0.3,0.0,0.8,0.4,0.6,0.5,PBM056,genus_level_prior; niche=rhizosphere; target_crop=potato; has_prodigal_faa=False; n_proteins=0; functional genes not yet annotated
0.0,0.0,0.8,0.3,0.0,0.6,0.4,0.6,0.5,PBM057,genus_level_prior; niche=soil; target_crop=tomato; has_prodigal_faa=False; n_proteins=0; functional genes not yet annotated
0.0,0.0,0.9,0.3,0.0,0.8,0.4,0.6,0.5,PBM058,genus_level_prior; niche=rhizosphere; target_crop=wheat; has_prodigal_faa=False; n_proteins=0; functional genes not yet annotated
0.0,0.0,0.8,0.3,0.0,0.6,0.4,0.6,0.5,PBM059,genus_level_prior; niche=plant_associated; target_crop=soybean; has_prodigal_faa=False; n_proteins=0; functional genes not yet annotated
0.0,0.0,0.8,0.3,0.0,0.6,0.4,0.6,0.5,PBM060,genus_level_prior; niche=rhizosphere; target_crop=rice; has_prodigal_faa=False; n_proteins=0; functional genes not yet annotated
0.0,0.0,0.8,0.3,0.0,0.6,0.4,0.6,0.5,PBM061,genus_level_prior; niche=rhizosphere; target_crop=wheat; has_prodigal_faa=False; n_proteins=0; functional genes not yet annotated
0.0,0.0,0.8,0.3,0.0,0.6,0.4,0.6,0.5,PBM062,genus_level_prior; niche=rhizosphere; target_crop=potato; has_prodigal_faa=False; n_proteins=0; functional genes not yet annotated
0.0,0.0,0.8,0.3,0.0,0.6,0.4,0.6,0.5,PBM063,genus_level_prior; niche=plant_associated; target_crop=pea; has_prodigal_faa=False; n_proteins=0; functional genes not yet annotated
0.0,0.0,0.9,0.3,0.0,0.8,0.4,0.6,0.5,PBM064,genus_level_prior; niche=endosphere; target_crop=tomato; has_prodigal_faa=True; n_proteins=5889; functional genes not yet annotated
0.0,0.0,0.9,0.3,0.0,0.8,0.4,0.6,0.5,PBM065,genus_level_prior; niche=soil; target_crop=tomato; has_prodigal_faa=True; n_proteins=5889; functional genes not yet annotated
0.0,0.0,0.8,0.3,0.0,0.6,0.4,0.6,0.5,PBM066,genus_level_prior; niche=rhizosphere; target_crop=wheat; has_prodigal_faa=True; n_proteins=5406; functional genes not yet annotated
0.0,0.0,0.8,0.3,0.0,0.6,0.4,0.6,0.5,PBM067,genus_level_prior; niche=rhizosphere; target_crop=wheat; has_prodigal_faa=False; n_proteins=0; functional genes not yet annotated
0.0,0.0,0.8,0.3,0.0,0.6,0.4,0.6,0.5,PBM068,genus_level_prior; niche=endosphere; target_crop=soybean; has_prodigal_faa=True; n_proteins=4989; functional genes not yet annotated
0.0,0.0,0.8,0.3,0.0,0.6,0.4,0.6,0.5,PBM069,genus_level_prior; niche=rhizosphere; target_crop=soybean; has_prodigal_faa=False; n_proteins=0; functional genes not yet annotated
0.0,0.0,0.8,0.3,0.0,0.6,0.4,0.6,0.5,PBM070,genus_level_prior; niche=endosphere; target_crop=soybean; has_prodigal_faa=False; n_proteins=0; functional genes not yet annotated
0.0,0.0,0.8,0.3,0.0,0.6,0.4,0.6,0.5,PBM071,genus_level_prior; niche=rhizosphere; target_crop=wheat; has_prodigal_faa=False; n_proteins=0; functional genes not yet annotated
0.0,0.0,0.8,0.3,0.0,0.6,0.4,0.6,0.5,PBM072,genus_level_prior; niche=soil; target_crop=soybean; has_prodigal_faa=False; n_proteins=0; functional genes not yet annotated
0.0,0.0,0.8,0.3,0.0,0.6,0.4,0.6,0.5,PBM073,genus_level_prior; niche=endosphere; target_crop=common_bean; has_prodigal_faa=False; n_proteins=0; functional genes not yet annotated
0.0,0.0,0.8,0.3,0.0,0.6,0.4,0.6,0.5,PBM074,genus_level_prior; niche=soil; target_crop=soybean; has_prodigal_faa=False; n_proteins=0; functional genes not yet annotated
0.0,0.0,0.8,0.3,0.0,0.6,0.4,0.6,0.5,PBM075,genus_level_prior; niche=rhizosphere; target_crop=rice; has_prodigal_faa=False; n_proteins=0; functional genes not yet annotated
0.0,0.0,0.8,0.3,0.0,0.6,0.4,0.6,0.5,PBM076,genus_level_prior; niche=rhizosphere; target_crop=common_bean; has_prodigal_faa=False; n_proteins=0; functional genes not yet annotated
0.0,0.0,0.9,0.3,0.0,0.8,0.4,0.6,0.5,PBM077,genus_level_prior; niche=rhizosphere; target_crop=common_bean; has_prodigal_faa=True; n_proteins=5918; functional genes not yet annotated
0.0,0.0,0.8,0.3,0.0,0.6,0.4,0.6,0.5,PBM078,genus_level_prior; niche=rhizosphere; target_crop=wheat; has_prodigal_faa=False; n_proteins=0; functional genes not yet annotated
0.0,0.0,0.8,0.3,0.0,0.6,0.4,0.6,0.5,PBM079,genus_level_prior; niche=rhizosphere; target_crop=wheat; has_prodigal_faa=False; n_proteins=0; functional genes not yet annotated
0.0,0.0,0.8,0.3,0.0,0.6,0.4,0.6,0.5,PBM080,genus_level_prior; niche=rhizosphere; target_crop=soybean; has_prodigal_faa=False; n_proteins=0; functional genes not yet annotated
0.0,0.0,0.8,0.3,0.0,0.6,0.4,0.6,0.5,PBM081,genus_level_prior; niche=endosphere; target_crop=tomato; has_prodigal_faa=True; n_proteins=4847; functional genes not yet annotated
0.0,0.0,0.8,0.3,0.0,0.6,0.4,0.6,0.5,PBM082,genus_level_prior; niche=rhizosphere; target_crop=barley; has_prodigal_faa=False; n_proteins=0; functional genes not yet annotated
0.0,0.0,0.8,0.3,0.0,0.6,0.4,0.6,0.5,PBM083,genus_level_prior; niche=endosphere; target_crop=potato; has_prodigal_faa=False; n_proteins=0; functional genes not yet annotated
0.0,0.0,0.8,0.3,0.0,0.6,0.4,0.6,0.5,PBM084,genus_level_prior; niche=soil; target_crop=tomato; has_prodigal_faa=True; n_proteins=5468; functional genes not yet annotated
0.0,0.0,0.8,0.3,0.0,0.6,0.4,0.6,0.5,PBM085,genus_level_prior; niche=phyllosphere; target_crop=rice; has_prodigal_faa=True; n_proteins=5652; functional genes not yet annotated
0.0,0.0,0.8,0.3,0.0,0.6,0.4,0.6,0.5,PBM086,genus_level_prior; niche=rhizosphere; target_crop=wheat; has_prodigal_faa=False; n_proteins=0; functional genes not yet annotated
0.0,0.0,0.8,0.3,0.0,0.6,0.4,0.6,0.5,PBM087,genus_level_prior; niche=rhizosphere; target_crop=wheat; has_prodigal_faa=True; n_proteins=5753; functional genes not yet annotated
0.0,0.0,0.8,0.3,0.0,0.6,0.4,0.6,0.5,PBM088,genus_level_prior; niche=plant_associated; target_crop=soybean; has_prodigal_faa=False; n_proteins=0; functional genes not yet annotated
0.0,0.0,0.8,0.3,0.0,0.6,0.4,0.6,0.5,PBM089,genus_level_prior; niche=plant_associated; target_crop=tomato; has_prodigal_faa=False; n_proteins=0; functional genes not yet annotated
0.0,0.0,0.8,0.3,0.0,0.6,0.4,0.6,0.5,PBM090,genus_level_prior; niche=phyllosphere; target_crop=common_bean; has_prodigal_faa=False; n_proteins=0; functional genes not yet annotated
0.0,0.0,0.8,0.3,0.0,0.6,0.4,0.6,0.5,PBM091,genus_level_prior; niche=plant_associated; target_crop=soybean; has_prodigal_faa=False; n_proteins=0; functional genes not yet annotated
0.0,0.0,0.8,0.3,0.0,0.6,0.4,0.6,0.5,PBM092,genus_level_prior; niche=plant_associated; target_crop=soybean; has_prodigal_faa=False; n_proteins=0; functional genes not yet annotated
0.0,0.0,0.8,0.3,0.0,0.6,0.4,0.6,0.5,PBM093,genus_level_prior; niche=plant_associated; target_crop=wheat; has_prodigal_faa=False; n_proteins=0; functional genes not yet annotated
0.0,0.0,0.8,0.3,0.0,0.6,0.4,0.6,0.5,PBM094,genus_level_prior; niche=plant_associated; target_crop=wheat; has_prodigal_faa=False; n_proteins=0; functional genes not yet annotated
0.0,0.0,0.8,0.3,0.0,0.6,0.4,0.6,0.5,PBM095,genus_level_prior; niche=rhizosphere; target_crop=soybean; has_prodigal_faa=False; n_proteins=0; functional genes not yet annotated
0.0,0.0,0.8,0.3,0.0,0.6,0.4,0.6,0.5,PBM096,genus_level_prior; niche=rhizosphere; target_crop=wheat; has_prodigal_faa=False; n_proteins=0; functional genes not yet annotated
0.0,0.0,0.8,0.3,0.0,0.6,0.4,0.6,0.5,PBM097,genus_level_prior; niche=plant_associated; target_crop=tobacco; has_prodigal_faa=False; n_proteins=0; functional genes not yet annotated
0.0,0.0,0.8,0.3,0.0,0.6,0.4,0.6,0.5,PBM098,genus_level_prior; niche=soil; target_crop=potato; has_prodigal_faa=False; n_proteins=0; functional genes not yet annotated
0.0,0.0,0.8,0.3,0.0,0.6,0.4,0.6,0.5,PBM099,genus_level_prior; niche=rhizosphere; target_crop=tomato; has_prodigal_faa=False; n_proteins=0; functional genes not yet annotated
0.0,0.0,0.8,0.3,0.0,0.6,0.4,0.6,0.5,PBM100,genus_level_prior; niche=plant_associated; target_crop=soybean; has_prodigal_faa=False; n_proteins=0; functional genes not yet annotated
0.0,0.0,0.8,0.3,0.0,0.6,0.4,0.6,0.5,PBM101,genus_level_prior; niche=soil; target_crop=pea; has_prodigal_faa=False; n_proteins=0; functional genes not yet annotated
0.0,0.0,0.8,0.3,0.0,0.6,0.4,0.6,0.5,PBM102,genus_level_prior; niche=soil; target_crop=wheat; has_prodigal_faa=True; n_proteins=6180; functional genes not yet annotated
0.0,0.0,0.8,0.3,0.0,0.6,0.4,0.6,0.5,PBM103,genus_level_prior; niche=endosphere; target_crop=rice; has_prodigal_faa=False; n_proteins=0; functional genes not yet annotated
0.0,0.0,0.8,0.3,0.0,0.6,0.4,0.6,0.5,PBM104,genus_level_prior; niche=soil; target_crop=soybean; has_prodigal_faa=True; n_proteins=4621; functional genes not yet annotated
0.0,0.0,0.8,0.3,0.0,0.6,0.4,0.6,0.5,PBM105,genus_level_prior; niche=rhizosphere; target_crop=barley; has_prodigal_faa=False; n_proteins=0; functional genes not yet annotated
0.0,0.0,0.8,0.3,0.0,0.6,0.4,0.6,0.5,PBM106,genus_level_prior; niche=rhizosphere; target_crop=soybean; has_prodigal_faa=False; n_proteins=0; functional genes not yet annotated
0.0,0.0,0.8,0.3,0.0,0.6,0.4,0.6,0.5,PBM107,genus_level_prior; niche=rhizosphere; target_crop=wheat; has_prodigal_faa=False; n_proteins=0; functional genes not yet annotated
0.0,0.0,0.8,0.3,0.0,0.6,0.4,0.6,0.5,PBM108,genus_level_prior; niche=endosphere; target_crop=soybean; has_prodigal_faa=True; n_proteins=5930; functional genes not yet annotated
0.0,0.0,0.8,0.3,0.0,0.6,0.4,0.6,0.5,PBM109,genus_level_prior; niche=endosphere; target_crop=wheat; has_prodigal_faa=False; n_proteins=0; functional genes not yet annotated
0.0,0.0,0.8,0.3,0.0,0.6,0.4,0.6,0.5,PBM110,genus_level_prior; niche=soil; target_crop=soybean; has_prodigal_faa=False; n_proteins=0; functional genes not yet annotated
0.0,0.0,0.9,0.3,0.0,0.8,0.4,0.6,0.5,PBM111,genus_level_prior; niche=rhizosphere; target_crop=wheat; has_prodigal_faa=True; n_proteins=6460; functional genes not yet annotated
0.0,0.0,0.8,0.3,0.0,0.6,0.4,0.6,0.5,PBM112,genus_level_prior; niche=rhizosphere; target_crop=barley; has_prodigal_faa=False; n_proteins=0; functional genes not yet annotated
0.0,0.0,0.8,0.3,0.0,0.6,0.4,0.6,0.5,PBM113,genus_level_prior; niche=rhizosphere; target_crop=wheat; has_prodigal_faa=False; n_proteins=0; functional genes not yet annotated
0.0,0.0,0.8,0.3,0.0,0.6,0.4,0.6,0.5,PBM114,genus_level_prior; niche=rhizosphere; target_crop=tobacco; has_prodigal_faa=False; n_proteins=0; functional genes not yet annotated
0.0,0.0,0.9,0.3,0.0,0.8,0.4,0.6,0.5,PBM115,genus_level_prior; niche=rhizosphere; target_crop=wheat; has_prodigal_faa=False; n_proteins=0; functional genes not yet annotated
0.0,0.0,0.8,0.3,0.0,0.6,0.4,0.6,0.5,PBM116,genus_level_prior; niche=soil; target_crop=tobacco; has_prodigal_faa=False; n_proteins=0; functional genes not yet annotated
0.0,0.0,0.8,0.3,0.0,0.6,0.4,0.6,0.5,PBM117,genus_level_prior; niche=endosphere; target_crop=wheat; has_prodigal_faa=False; n_proteins=0; functional genes not yet annotated
0.0,0.0,0.8,0.3,0.0,0.6,0.4,0.6,0.5,PBM118,genus_level_prior; niche=endosphere; target_crop=cotton; has_prodigal_faa=False; n_proteins=0; functional genes not yet annotated
0.0,0.0,0.8,0.3,0.0,0.6,0.4,0.6,0.5,PBM119,genus_level_prior; niche=rhizosphere; target_crop=wheat; has_prodigal_faa=True; n_proteins=5956; functional genes not yet annotated
0.0,0.0,0.8,0.3,0.0,0.6,0.4,0.6,0.5,PBM120,genus_level_prior; niche=soil; target_crop=rice; has_prodigal_faa=False; n_proteins=0; functional genes not yet annotated
0.0,0.0,0.8,0.3,0.0,0.6,0.4,0.6,0.5,PBM121,genus_level_prior; niche=endosphere; target_crop=rice; has_prodigal_faa=False; n_proteins=0; functional genes not yet annotated
0.0,0.0,0.8,0.3,0.0,0.6,0.4,0.6,0.5,PBM122,genus_level_prior; niche=soil; target_crop=soybean; has_prodigal_faa=False; n_proteins=0; functional genes not yet annotated
0.0,0.0,0.8,0.3,0.0,0.6,0.4,0.6,0.5,PBM123,genus_level_prior; niche=phyllosphere; target_crop=rice; has_prodigal_faa=False; n_proteins=0; functional genes not yet annotated
0.0,0.0,0.8,0.3,0.0,0.6,0.4,0.6,0.5,PBM124,genus_level_prior; niche=rhizosphere; target_crop=tobacco; has_prodigal_faa=False; n_proteins=0; functional genes not yet annotated
0.0,0.0,0.8,0.3,0.0,0.6,0.4,0.6,0.5,PBM125,genus_level_prior; niche=rhizosphere; target_crop=wheat; has_prodigal_faa=False; n_proteins=0; functional genes not yet annotated
0.0,0.0,0.8,0.3,0.0,0.6,0.4,0.6,0.5,PBM126,genus_level_prior; niche=rhizosphere; target_crop=rice; has_prodigal_faa=False; n_proteins=0; functional genes not yet annotated
0.0,0.0,0.8,0.3,0.0,0.6,0.4,0.6,0.5,PBM127,genus_level_prior; niche=rhizosphere; target_crop=rice; has_prodigal_faa=True; n_proteins=4122; functional genes not yet annotated
0.0,0.0,0.8,0.3,0.0,0.6,0.4,0.6,0.5,PBM128,genus_level_prior; niche=endosphere; target_crop=rice; has_prodigal_faa=False; n_proteins=0; functional genes not yet annotated
0.0,0.0,0.8,0.3,0.0,0.6,0.4,0.6,0.5,PBM129,genus_level_prior; niche=rhizosphere; target_crop=rice; has_prodigal_faa=False; n_proteins=0; functional genes not yet annotated
0.0,0.0,0.8,0.3,0.0,0.6,0.4,0.6,0.5,PBM130,genus_level_prior; niche=rhizosphere; target_crop=barley; has_prodigal_faa=False; n_proteins=0; functional genes not yet annotated
0.0,0.0,0.8,0.3,0.0,0.6,0.4,0.6,0.5,PBM131,genus_level_prior; niche=rhizosphere; target_crop=wheat; has_prodigal_faa=False; n_proteins=0; functional genes not yet annotated
0.0,0.0,0.8,0.3,0.0,0.6,0.4,0.6,0.5,PBM132,genus_level_prior; niche=soil; target_crop=tomato; has_prodigal_faa=False; n_proteins=0; functional genes not yet annotated
0.0,0.0,0.8,0.3,0.0,0.6,0.4,0.6,0.5,PBM133,genus_level_prior; niche=phyllosphere; target_crop=wheat; has_prodigal_faa=False; n_proteins=0; functional genes not yet annotated
0.0,0.0,0.8,0.3,0.0,0.6,0.4,0.6,0.5,PBM134,genus_level_prior; niche=rhizosphere; target_crop=tobacco; has_prodigal_faa=False; n_proteins=0; functional genes not yet annotated
0.0,0.0,0.8,0.3,0.0,0.6,0.4,0.6,0.5,PBM135,genus_level_prior; niche=rhizosphere; target_crop=wheat; has_prodigal_faa=False; n_proteins=0; functional genes not yet annotated
0.0,0.0,0.8,0.3,0.0,0.6,0.4,0.6,0.5,PBM136,genus_level_prior; niche=rhizosphere; target_crop=rice; has_prodigal_faa=True; n_proteins=5785; functional genes not yet annotated
0.0,0.0,0.8,0.3,0.0,0.6,0.4,0.6,0.5,PBM137,genus_level_prior; niche=endosphere; target_crop=wheat; has_prodigal_faa=False; n_proteins=0; functional genes not yet annotated
0.0,0.0,0.8,0.3,0.0,0.6,0.4,0.6,0.5,PBM138,genus_level_prior; niche=soil; target_crop=wheat; has_prodigal_faa=True; n_proteins=5670; functional genes not yet annotated
0.0,0.0,0.8,0.3,0.0,0.6,0.4,0.6,0.5,PBM139,genus_level_prior; niche=rhizosphere; target_crop=cotton; has_prodigal_faa=True; n_proteins=5681; functional genes not yet annotated
0.0,0.0,0.8,0.3,0.0,0.6,0.4,0.6,0.5,PBM140,genus_level_prior; niche=endosphere; target_crop=wheat; has_prodigal_faa=False; n_proteins=0; functional genes not yet annotated
0.0,0.0,0.8,0.3,0.0,0.6,0.4,0.6,0.5,PBM141,genus_level_prior; niche=soil; target_crop=rice; has_prodigal_faa=False; n_proteins=0; functional genes not yet annotated
0.0,0.0,0.8,0.3,0.0,0.6,0.4,0.6,0.5,PBM142,genus_level_prior; niche=phyllosphere; target_crop=soybean; has_prodigal_faa=True; n_proteins=5546; functional genes not yet annotated
0.0,0.0,0.8,0.3,0.0,0.6,0.4,0.6,0.5,PBM143,genus_level_prior; niche=plant_associated; target_crop=tomato; has_prodigal_faa=True; n_proteins=5681; functional genes not yet annotated
0.0,0.0,0.8,0.3,0.0,0.6,0.4,0.6,0.5,PBM144,genus_level_prior; niche=plant_associated; target_crop=soybean; has_prodigal_faa=True; n_proteins=5681; functional genes not yet annotated
0.0,0.0,0.8,0.3,0.0,0.6,0.4,0.6,0.5,PBM145,genus_level_prior; niche=soil; target_crop=rice; has_prodigal_faa=False; n_proteins=0; functional genes not yet annotated
0.0,0.0,0.8,0.3,0.0,0.6,0.4,0.6,0.5,PBM146,genus_level_prior; niche=soil; target_crop=potato; has_prodigal_faa=False; n_proteins=0; functional genes not yet annotated
0.0,0.0,0.8,0.3,0.0,0.6,0.4,0.6,0.5,PBM147,genus_level_prior; niche=phyllosphere; target_crop=rice; has_prodigal_faa=True; n_proteins=5073; functional genes not yet annotated
0.0,0.0,0.8,0.3,0.0,0.6,0.4,0.6,0.5,PBM148,genus_level_prior; niche=plant_associated; target_crop=wheat; has_prodigal_faa=False; n_proteins=0; functional genes not yet annotated
0.0,0.0,0.8,0.3,0.0,0.6,0.4,0.6,0.5,PBM149,genus_level_prior; niche=rhizosphere; target_crop=wheat; has_prodigal_faa=False; n_proteins=0; functional genes not yet annotated
0.0,0.0,0.8,0.3,0.0,0.6,0.4,0.6,0.5,PBM150,genus_level_prior; niche=endosphere; target_crop=tomato; has_prodigal_faa=False; n_proteins=0; functional genes not yet annotated
0.0,0.0,0.9,0.3,0.0,0.8,0.4,0.6,0.5,PBM151,genus_level_prior; niche=rhizosphere; target_crop=common_bean; has_prodigal_faa=True; n_proteins=5889; functional genes not yet annotated
0.0,0.0,0.8,0.3,0.0,0.6,0.4,0.6,0.5,PBM152,genus_level_prior; niche=plant_associated; target_crop=soybean; has_prodigal_faa=False; n_proteins=0; functional genes not yet annotated
0.0,0.0,0.8,0.3,0.0,0.6,0.4,0.6,0.5,PBM153,genus_level_prior; niche=rhizosphere; target_crop=wheat; has_prodigal_faa=True; n_proteins=5681; functional genes not yet annotated
0.0,0.0,0.9,0.3,0.0,0.8,0.4,0.6,0.5,PBM154,genus_level_prior; niche=phyllosphere; target_crop=soybean; has_prodigal_faa=False; n_proteins=0; functional genes not yet annotated
0.0,0.0,0.8,0.3,0.0,0.6,0.4,0.6,0.5,PBM155,genus_level_prior; niche=soil; target_crop=soybean; has_prodigal_faa=True; n_proteins=5840; functional genes not yet annotated
0.0,0.0,0.8,0.3,0.0,0.6,0.4,0.6,0.5,PBM156,genus_level_prior; niche=rhizosphere; target_crop=pea; has_prodigal_faa=False; n_proteins=0; functional genes not yet annotated
0.0,0.0,0.8,0.3,0.0,0.6,0.4,0.6,0.5,PBM157,genus_level_prior; niche=rhizosphere; target_crop=soybean; has_prodigal_faa=False; n_proteins=0; functional genes not yet annotated
0.0,0.0,0.8,0.3,0.0,0.6,0.4,0.6,0.5,PBM158,genus_level_prior; niche=soil; target_crop=potato; has_prodigal_faa=True; n_proteins=5142; functional genes not yet annotated
0.0,0.0,0.8,0.3,0.0,0.6,0.4,0.6,0.5,PBM159,genus_level_prior; niche=soil; target_crop=soybean; has_prodigal_faa=False; n_proteins=0; functional genes not yet annotated
0.0,0.0,0.9,0.3,0.0,0.8,0.4,0.6,0.5,PBM160,genus_level_prior; niche=rhizosphere; target_crop=cotton; has_prodigal_faa=False; n_proteins=0; functional genes not yet annotated
0.0,0.0,0.8,0.3,0.0,0.6,0.4,0.6,0.5,PBM161,genus_level_prior; niche=plant_associated; target_crop=wheat; has_prodigal_faa=True; n_proteins=5681; functional genes not yet annotated
0.0,0.0,0.8,0.3,0.0,0.6,0.4,0.6,0.5,PBM162,genus_level_prior; niche=plant_associated; target_crop=sunflower; has_prodigal_faa=True; n_proteins=5681; functional genes not yet annotated
0.0,0.0,0.9,0.3,0.0,0.8,0.4,0.6,0.5,PBM163,genus_level_prior; niche=soil; target_crop=tomato; has_prodigal_faa=False; n_proteins=0; functional genes not yet annotated
0.0,0.0,0.8,0.3,0.0,0.6,0.4,0.6,0.5,PBM164,genus_level_prior; niche=plant_associated; target_crop=cotton; has_prodigal_faa=False; n_proteins=0; functional genes not yet annotated
0.0,0.0,0.9,0.3,0.0,0.8,0.4,0.6,0.5,PBM165,genus_level_prior; niche=soil; target_crop=tomato; has_prodigal_faa=True; n_proteins=5889; functional genes not yet annotated
0.0,0.0,0.8,0.3,0.0,0.6,0.4,0.6,0.5,PBM166,genus_level_prior; niche=endosphere; target_crop=tobacco; has_prodigal_faa=False; n_proteins=0; functional genes not yet annotated
0.0,0.0,0.8,0.3,0.0,0.6,0.4,0.6,0.5,PBM167,genus_level_prior; niche=soil; target_crop=tobacco; has_prodigal_faa=False; n_proteins=0; functional genes not yet annotated
0.0,0.0,0.8,0.3,0.0,0.6,0.4,0.6,0.5,PBM168,genus_level_prior; niche=endosphere; target_crop=soybean; has_prodigal_faa=False; n_proteins=0; functional genes not yet annotated
0.0,0.0,0.8,0.3,0.0,0.6,0.4,0.6,0.5,PBM169,genus_level_prior; niche=endosphere; target_crop=wheat; has_prodigal_faa=False; n_proteins=0; functional genes not yet annotated
0.0,0.0,0.8,0.3,0.0,0.6,0.4,0.6,0.5,PBM170,genus_level_prior; niche=plant_associated; target_crop=common_bean; has_prodigal_faa=False; n_proteins=0; functional genes not yet annotated
0.0,0.0,0.8,0.3,0.0,0.6,0.4,0.6,0.5,PBM171,genus_level_prior; niche=plant_associated; target_crop=soybean; has_prodigal_faa=False; n_proteins=0; functional genes not yet annotated
0.0,0.0,0.8,0.3,0.0,0.6,0.4,0.6,0.5,PBM172,genus_level_prior; niche=phyllosphere; target_crop=common_bean; has_prodigal_faa=False; n_proteins=0; functional genes not yet annotated
0.0,0.0,0.9,0.3,0.0,0.8,0.4,0.6,0.5,PBM173,genus_level_prior; niche=soil; target_crop=tomato; has_prodigal_faa=True; n_proteins=5889; functional genes not yet annotated
0.0,0.0,0.8,0.3,0.0,0.6,0.4,0.6,0.5,PBM174,genus_level_prior; niche=plant_associated; target_crop=common_bean; has_prodigal_faa=False; n_proteins=0; functional genes not yet annotated
0.0,0.0,0.8,0.3,0.0,0.6,0.4,0.6,0.5,PBM175,genus_level_prior; niche=plant_associated; target_crop=pea; has_prodigal_faa=False; n_proteins=0; functional genes not yet annotated
0.0,0.0,0.8,0.3,0.0,0.6,0.4,0.6,0.5,PBM176,genus_level_prior; niche=phyllosphere; target_crop=common_bean; has_prodigal_faa=False; n_proteins=0; functional genes not yet annotated
0.0,0.0,0.8,0.3,0.0,0.6,0.4,0.6,0.5,PBM177,genus_level_prior; niche=plant_associated; target_crop=tobacco; has_prodigal_faa=False; n_proteins=0; functional genes not yet annotated
0.0,0.0,0.8,0.3,0.0,0.6,0.4,0.6,0.5,PBM178,genus_level_prior; niche=plant_associated; target_crop=wheat; has_prodigal_faa=False; n_proteins=0; functional genes not yet annotated
0.0,0.0,0.8,0.3,0.0,0.6,0.4,0.6,0.5,PBM179,genus_level_prior; niche=plant_associated; target_crop=soybean; has_prodigal_faa=False; n_proteins=0; functional genes not yet annotated
0.0,0.0,0.8,0.3,0.0,0.6,0.4,0.6,0.5,PBM180,genus_level_prior; niche=plant_associated; target_crop=common_bean; has_prodigal_faa=False; n_proteins=0; functional genes not yet annotated
0.0,0.0,0.8,0.3,0.0,0.6,0.4,0.6,0.5,PBM181,genus_level_prior; niche=plant_associated; target_crop=common_bean; has_prodigal_faa=False; n_proteins=0; functional genes not yet annotated
0.0,0.0,0.8,0.3,0.0,0.6,0.4,0.6,0.5,PBM182,genus_level_prior; niche=plant_associated; target_crop=tomato; has_prodigal_faa=True; n_proteins=5753; functional genes not yet annotated
0.0,0.0,0.8,0.3,0.0,0.6,0.4,0.6,0.5,PBM183,genus_level_prior; niche=plant_associated; target_crop=tobacco; has_prodigal_faa=True; n_proteins=5085; functional genes not yet annotated
0.0,0.0,0.8,0.3,0.0,0.6,0.4,0.6,0.5,PBM184,genus_level_prior; niche=soil; target_crop=soybean; has_prodigal_faa=False; n_proteins=0; functional genes not yet annotated
0.0,0.0,0.8,0.3,0.0,0.6,0.4,0.6,0.5,PBM185,genus_level_prior; niche=plant_associated; target_crop=soybean; has_prodigal_faa=False; n_proteins=0; functional genes not yet annotated
0.0,0.0,0.8,0.3,0.0,0.6,0.4,0.6,0.5,PBM186,genus_level_prior; niche=plant_associated; target_crop=soybean; has_prodigal_faa=False; n_proteins=0; functional genes not yet annotated
0.0,0.0,0.8,0.3,0.0,0.6,0.4,0.6,0.5,PBM187,genus_level_prior; niche=phyllosphere; target_crop=soybean; has_prodigal_faa=False; n_proteins=0; functional genes not yet annotated
0.0,0.0,0.8,0.3,0.0,0.6,0.4,0.6,0.5,PBM188,genus_level_prior; niche=phyllosphere; target_crop=tomato; has_prodigal_faa=True; n_proteins=5718; functional genes not yet annotated
0.0,0.0,0.8,0.3,0.0,0.6,0.4,0.6,0.5,PBM189,genus_level_prior; niche=soil; target_crop=rice; has_prodigal_faa=False; n_proteins=0; functional genes not yet annotated
0.0,0.0,0.8,0.3,0.0,0.6,0.4,0.6,0.5,PBM190,genus_level_prior; niche=rhizosphere; target_crop=rice; has_prodigal_faa=False; n_proteins=0; functional genes not yet annotated
0.0,0.0,0.9,0.3,0.0,0.8,0.4,0.6,0.5,PBM191,genus_level_prior; niche=plant_associated; target_crop=rice; has_prodigal_faa=False; n_proteins=0; functional genes not yet annotated
0.0,0.0,0.8,0.3,0.0,0.6,0.4,0.6,0.5,PBM192,genus_level_prior; niche=soil; target_crop=rice; has_prodigal_faa=True; n_proteins=5681; functional genes not yet annotated
0.0,0.0,0.9,0.3,0.0,0.8,0.4,0.6,0.5,PBM193,genus_level_prior; niche=soil; target_crop=rice; has_prodigal_faa=False; n_proteins=0; functional genes not yet annotated
0.0,0.0,0.8,0.3,0.0,0.6,0.4,0.6,0.5,PBM194,genus_level_prior; niche=plant_associated; target_crop=rice; has_prodigal_faa=False; n_proteins=0; functional genes not yet annotated
0.0,0.0,0.8,0.3,0.0,0.6,0.4,0.6,0.5,PBM195,genus_level_prior; niche=plant_associated; target_crop=rice; has_prodigal_faa=False; n_proteins=0; functional genes not yet annotated
0.0,0.0,0.8,0.3,0.0,0.6,0.4,0.6,0.5,PBM196,genus_level_prior; niche=plant_associated; target_crop=rice; has_prodigal_faa=False; n_proteins=0; functional genes not yet annotated
0.0,0.0,0.8,0.3,0.0,0.6,0.4,0.6,0.5,PBM197,genus_level_prior; niche=plant_associated; target_crop=rice; has_prodigal_faa=False; n_proteins=0; functional genes not yet annotated
0.0,0.0,0.8,0.3,0.0,0.6,0.4,0.6,0.5,PBM198,genus_level_prior; niche=plant_associated; target_crop=rice; has_prodigal_faa=False; n_proteins=0; functional genes not yet annotated
0.0,0.0,0.8,0.3,0.0,0.6,0.4,0.6,0.5,PBM199,genus_level_prior; niche=plant_associated; target_crop=rice; has_prodigal_faa=False; n_proteins=0; functional genes not yet annotated
0.0,0.0,0.8,0.3,0.0,0.6,0.4,0.6,0.5,PBM200,genus_level_prior; niche=plant_associated; target_crop=rice; has_prodigal_faa=False; n_proteins=0; functional genes not yet annotated
0.0,0.0,0.8,0.3,0.0,0.6,0.4,0.6,0.5,PBM201,genus_level_prior; niche=plant_associated; target_crop=rice; has_prodigal_faa=False; n_proteins=0; functional genes not yet annotated
0.0,0.0,0.8,0.3,0.0,0.6,0.4,0.6,0.5,PBM202,genus_level_prior; niche=plant_associated; target_crop=rice; has_prodigal_faa=False; n_proteins=0; functional genes not yet annotated
0.0,0.0,0.8,0.3,0.0,0.6,0.4,0.6,0.5,PBM203,genus_level_prior; niche=plant_associated; target_crop=rice; has_prodigal_faa=False; n_proteins=0; functional genes not yet annotated
0.0,0.0,0.8,0.3,0.0,0.6,0.4,0.6,0.5,PBM204,genus_level_prior; niche=plant_associated; target_crop=rice; has_prodigal_faa=False; n_proteins=0; functional genes not yet annotated
0.0,0.0,0.8,0.3,0.0,0.6,0.4,0.6,0.5,PBM205,genus_level_prior; niche=plant_associated; target_crop=rice; has_prodigal_faa=False; n_proteins=0; functional genes not yet annotated
0.0,0.0,0.8,0.3,0.0,0.6,0.4,0.6,0.5,PBM206,genus_level_prior; niche=soil; target_crop=soybean; has_prodigal_faa=False; n_proteins=0; functional genes not yet annotated
0.0,0.0,0.8,0.3,0.0,0.6,0.4,0.6,0.5,PBM207,genus_level_prior; niche=soil; target_crop=rice; has_prodigal_faa=False; n_proteins=0; functional genes not yet annotated
0.0,0.0,0.8,0.3,0.0,0.6,0.4,0.6,0.5,PBM208,genus_level_prior; niche=soil; target_crop=tobacco; has_prodigal_faa=False; n_proteins=0; functional genes not yet annotated
0.0,0.0,0.8,0.3,0.0,0.6,0.4,0.6,0.5,PBM209,genus_level_prior; niche=soil; target_crop=wheat; has_prodigal_faa=True; n_proteins=5681; functional genes not yet annotated
0.0,0.0,0.8,0.3,0.0,0.6,0.4,0.6,0.5,PBM210,genus_level_prior; niche=rhizosphere; target_crop=soybean; has_prodigal_faa=False; n_proteins=0; functional genes not yet annotated
0.0,0.0,0.8,0.3,0.0,0.6,0.4,0.6,0.5,PBM211,genus_level_prior; niche=soil; target_crop=wheat; has_prodigal_faa=False; n_proteins=0; functional genes not yet annotated
0.0,0.0,0.8,0.3,0.0,0.6,0.4,0.6,0.5,PBM212,genus_level_prior; niche=rhizosphere; target_crop=wheat; has_prodigal_faa=True; n_proteins=5932; functional genes not yet annotated
0.0,0.0,0.8,0.3,0.0,0.6,0.4,0.6,0.5,PBM213,genus_level_prior; niche=plant_associated; target_crop=soybean; has_prodigal_faa=False; n_proteins=0; functional genes not yet annotated
0.0,0.0,0.8,0.3,0.0,0.6,0.4,0.6,0.5,PBM214,genus_level_prior; niche=rhizosphere; target_crop=wheat; has_prodigal_faa=False; n_proteins=0; functional genes not yet annotated
0.0,0.0,0.8,0.3,0.0,0.6,0.4,0.6,0.5,PBM215,genus_level_prior; niche=plant_associated; target_crop=soybean; has_prodigal_faa=False; n_proteins=0; functional genes not yet annotated
0.0,0.0,0.8,0.3,0.0,0.6,0.4,0.6,0.5,PBM216,genus_level_prior; niche=endosphere; target_crop=potato; has_prodigal_faa=True; n_proteins=4702; functional genes not yet annotated
0.0,0.0,0.8,0.3,0.0,0.6,0.4,0.6,0.5,PBM217,genus_level_prior; niche=phyllosphere; target_crop=tobacco; has_prodigal_faa=True; n_proteins=4364; functional genes not yet annotated
0.0,0.0,0.8,0.3,0.0,0.6,0.4,0.6,0.5,PBM218,genus_level_prior; niche=soil; target_crop=wheat; has_prodigal_faa=False; n_proteins=0; functional genes not yet annotated
0.0,0.0,0.8,0.3,0.0,0.6,0.4,0.6,0.5,PBM219,genus_level_prior; niche=soil; target_crop=wheat; has_prodigal_faa=True; n_proteins=6518; functional genes not yet annotated
0.0,0.0,0.8,0.3,0.0,0.6,0.4,0.6,0.5,PBM220,genus_level_prior; niche=soil; target_crop=tobacco; has_prodigal_faa=True; n_proteins=6024; functional genes not yet annotated
0.0,0.0,0.8,0.3,0.0,0.6,0.4,0.6,0.5,PBM221,genus_level_prior; niche=rhizosphere; target_crop=common_bean; has_prodigal_faa=False; n_proteins=0; functional genes not yet annotated
0.0,0.0,0.8,0.3,0.0,0.6,0.4,0.6,0.5,PBM222,genus_level_prior; niche=rhizosphere; target_crop=common_bean; has_prodigal_faa=True; n_proteins=5585; functional genes not yet annotated
0.0,0.0,0.8,0.3,0.0,0.6,0.4,0.6,0.5,PBM223,genus_level_prior; niche=soil; target_crop=tobacco; has_prodigal_faa=False; n_proteins=0; functional genes not yet annotated
0.0,0.0,0.8,0.3,0.0,0.6,0.4,0.6,0.5,PBM224,genus_level_prior; niche=rhizosphere; target_crop=common_bean; has_prodigal_faa=True; n_proteins=5871; functional genes not yet annotated
0.0,0.0,0.8,0.3,0.0,0.6,0.4,0.6,0.5,PBM225,genus_level_prior; niche=rhizosphere; target_crop=tomato; has_prodigal_faa=True; n_proteins=5930; functional genes not yet annotated
0.0,0.0,0.8,0.3,0.0,0.6,0.4,0.6,0.5,PBM226,genus_level_prior; niche=rhizosphere; target_crop=rice; has_prodigal_faa=False; n_proteins=0; functional genes not yet annotated
0.0,0.0,0.8,0.3,0.0,0.6,0.4,0.6,0.5,PBM227,genus_level_prior; niche=soil; target_crop=potato; has_prodigal_faa=False; n_proteins=0; functional genes not yet annotated
0.0,0.0,0.8,0.3,0.0,0.6,0.4,0.6,0.5,PBM228,genus_level_prior; niche=soil; target_crop=rice; has_prodigal_faa=False; n_proteins=0; functional genes not yet annotated
0.0,0.0,0.8,0.3,0.0,0.6,0.4,0.6,0.5,PBM229,genus_level_prior; niche=plant_associated; target_crop=tobacco; has_prodigal_faa=False; n_proteins=0; functional genes not yet annotated
0.0,0.0,0.8,0.3,0.0,0.6,0.4,0.6,0.5,PBM230,genus_level_prior; niche=phyllosphere; target_crop=wheat; has_prodigal_faa=False; n_proteins=0; functional genes not yet annotated
0.0,0.0,0.8,0.3,0.0,0.6,0.4,0.6,0.5,PBM231,genus_level_prior; niche=phyllosphere; target_crop=wheat; has_prodigal_faa=True; n_proteins=5453; functional genes not yet annotated
0.0,0.0,0.8,0.3,0.0,0.6,0.4,0.6,0.5,PBM232,genus_level_prior; niche=rhizosphere; target_crop=wheat; has_prodigal_faa=False; n_proteins=0; functional genes not yet annotated
0.0,0.0,0.8,0.3,0.0,0.6,0.4,0.6,0.5,PBM233,genus_level_prior; niche=rhizosphere; target_crop=wheat; has_prodigal_faa=False; n_proteins=0; functional genes not yet annotated
0.0,0.0,0.8,0.3,0.0,0.6,0.4,0.6,0.5,PBM234,genus_level_prior; niche=rhizosphere; target_crop=wheat; has_prodigal_faa=False; n_proteins=0; functional genes not yet annotated
0.0,0.0,0.8,0.3,0.0,0.6,0.4,0.6,0.5,PBM235,genus_level_prior; niche=rhizosphere; target_crop=wheat; has_prodigal_faa=False; n_proteins=0; functional genes not yet annotated
0.0,0.0,0.8,0.3,0.0,0.6,0.4,0.6,0.5,PBM236,genus_level_prior; niche=rhizosphere; target_crop=wheat; has_prodigal_faa=False; n_proteins=0; functional genes not yet annotated
0.0,0.0,0.8,0.3,0.0,0.6,0.4,0.6,0.5,PBM237,genus_level_prior; niche=rhizosphere; target_crop=wheat; has_prodigal_faa=False; n_proteins=0; functional genes not yet annotated
0.0,0.0,0.8,0.3,0.0,0.6,0.4,0.6,0.5,PBM238,genus_level_prior; niche=rhizosphere; target_crop=wheat; has_prodigal_faa=False; n_proteins=0; functional genes not yet annotated
0.0,0.0,0.8,0.3,0.0,0.6,0.4,0.6,0.5,PBM239,genus_level_prior; niche=rhizosphere; target_crop=wheat; has_prodigal_faa=False; n_proteins=0; functional genes not yet annotated
0.0,0.0,0.8,0.3,0.0,0.6,0.4,0.6,0.5,PBM240,genus_level_prior; niche=rhizosphere; target_crop=wheat; has_prodigal_faa=False; n_proteins=0; functional genes not yet annotated
0.0,0.0,0.8,0.3,0.0,0.6,0.4,0.6,0.5,PBM241,genus_level_prior; niche=rhizosphere; target_crop=wheat; has_prodigal_faa=False; n_proteins=0; functional genes not yet annotated
0.0,0.0,0.8,0.3,0.0,0.6,0.4,0.6,0.5,PBM242,genus_level_prior; niche=rhizosphere; target_crop=wheat; has_prodigal_faa=False; n_proteins=0; functional genes not yet annotated
0.0,0.0,0.8,0.3,0.0,0.6,0.4,0.6,0.5,PBM243,genus_level_prior; niche=rhizosphere; target_crop=wheat; has_prodigal_faa=False; n_proteins=0; functional genes not yet annotated
0.0,0.0,0.8,0.3,0.0,0.6,0.4,0.6,0.5,PBM244,genus_level_prior; niche=plant_associated; target_crop=soybean; has_prodigal_faa=True; n_proteins=5394; functional genes not yet annotated
0.0,0.0,0.8,0.3,0.0,0.6,0.4,0.6,0.5,PBM245,genus_level_prior; niche=plant_associated; target_crop=soybean; has_prodigal_faa=True; n_proteins=5669; functional genes not yet annotated
0.0,0.0,0.8,0.3,0.0,0.6,0.4,0.6,0.5,PBM246,genus_level_prior; niche=rhizosphere; target_crop=wheat; has_prodigal_faa=False; n_proteins=0; functional genes not yet annotated
0.0,0.0,0.8,0.3,0.0,0.6,0.4,0.6,0.5,PBM247,genus_level_prior; niche=rhizosphere; target_crop=wheat; has_prodigal_faa=False; n_proteins=0; functional genes not yet annotated
0.0,0.0,0.8,0.3,0.0,0.6,0.4,0.6,0.5,PBM248,genus_level_prior; niche=rhizosphere; target_crop=rice; has_prodigal_faa=True; n_proteins=5665; functional genes not yet annotated
0.0,0.0,0.8,0.3,0.0,0.6,0.4,0.6,0.5,PBM249,genus_level_prior; niche=soil; target_crop=wheat; has_prodigal_faa=False; n_proteins=0; functional genes not yet annotated
0.0,0.0,0.9,0.3,0.0,0.8,0.4,0.6,0.5,PBM250,genus_level_prior; niche=soil; target_crop=wheat; has_prodigal_faa=True; n_proteins=5918; functional genes not yet annotated
0.0,0.0,0.8,0.3,0.0,0.6,0.4,0.6,0.5,PBM251,genus_level_prior; niche=rhizosphere; target_crop=wheat; has_prodigal_faa=False; n_proteins=0; functional genes not yet annotated
0.0,0.0,0.8,0.3,0.0,0.6,0.4,0.6,0.5,PBM252,genus_level_prior; niche=rhizosphere; target_crop=wheat; has_prodigal_faa=False; n_proteins=0; functional genes not yet annotated
0.0,0.0,0.8,0.3,0.0,0.6,0.4,0.6,0.5,PBM253,genus_level_prior; niche=rhizosphere; target_crop=wheat; has_prodigal_faa=False; n_proteins=0; functional genes not yet annotated
0.0,0.0,0.8,0.3,0.0,0.6,0.4,0.6,0.5,PBM254,genus_level_prior; niche=rhizosphere; target_crop=wheat; has_prodigal_faa=False; n_proteins=0; functional genes not yet annotated
0.0,0.5,0.3,0.3,0.0,0.8,0.5,0.4,0.7,PBM255,genus_level_prior; niche=soil; target_crop=soybean; has_prodigal_faa=True; n_proteins=3695; functional genes not yet annotated
0.0,0.5,0.3,0.3,0.0,0.8,0.5,0.4,0.7,PBM256,genus_level_prior; niche=rhizosphere; target_crop=rice; has_prodigal_faa=True; n_proteins=5628; functional genes not yet annotated
0.0,0.5,0.3,0.3,0.0,0.8,0.5,0.4,0.7,PBM257,genus_level_prior; niche=rhizosphere; target_crop=wheat; has_prodigal_faa=True; n_proteins=4291; functional genes not yet annotated
0.0,0.5,0.3,0.3,0.0,0.8,0.5,0.4,0.7,PBM258,genus_level_prior; niche=soil; target_crop=tomato; has_prodigal_faa=True; n_proteins=3356; functional genes not yet annotated
0.0,0.5,0.3,0.3,0.0,0.8,0.5,0.4,0.7,PBM259,genus_level_prior; niche=rhizosphere; target_crop=wheat; has_prodigal_faa=True; n_proteins=3356; functional genes not yet annotated
0.0,0.5,0.3,0.3,0.0,0.8,0.5,0.4,0.7,PBM260,genus_level_prior; niche=plant_associated; target_crop=tomato; has_prodigal_faa=True; n_proteins=3356; functional genes not yet annotated
0.0,0.5,0.3,0.3,0.0,0.8,0.5,0.4,0.7,PBM261,genus_level_prior; niche=rhizosphere; target_crop=wheat; has_prodigal_faa=True; n_proteins=5000; functional genes not yet annotated
0.0,0.5,0.3,0.3,0.0,0.8,0.5,0.4,0.7,PBM262,genus_level_prior; niche=rhizosphere; target_crop=wheat; has_prodigal_faa=True; n_proteins=5434; functional genes not yet annotated
0.0,0.5,0.3,0.3,0.0,0.8,0.5,0.4,0.7,PBM263,genus_level_prior; niche=soil; target_crop=soybean; has_prodigal_faa=True; n_proteins=5434; functional genes not yet annotated
0.0,0.5,0.3,0.3,0.0,0.8,0.5,0.4,0.7,PBM264,genus_level_prior; niche=rhizosphere; target_crop=soybean; has_prodigal_faa=True; n_proteins=5434; functional genes not yet annotated
0.0,0.5,0.3,0.3,0.0,0.8,0.5,0.4,0.7,PBM265,genus_level_prior; niche=rhizosphere; target_crop=wheat; has_prodigal_faa=True; n_proteins=5434; functional genes not yet annotated
0.0,0.5,0.3,0.3,0.0,0.8,0.5,0.4,0.7,PBM266,genus_level_prior; niche=rhizosphere; target_crop=wheat; has_prodigal_faa=True; n_proteins=5434; functional genes not yet annotated
0.0,0.5,0.3,0.3,0.0,0.8,0.5,0.4,0.7,PBM267,genus_level_prior; niche=soil; target_crop=rice; has_prodigal_faa=True; n_proteins=5434; functional genes not yet annotated
0.0,0.5,0.3,0.3,0.0,0.8,0.5,0.4,0.7,PBM268,genus_level_prior; niche=rhizosphere; target_crop=wheat; has_prodigal_faa=True; n_proteins=5434; functional genes not yet annotated
0.0,0.5,0.3,0.3,0.0,0.9,0.5,0.4,0.8,PBM269,genus_level_prior; niche=rhizosphere; target_crop=wheat; has_prodigal_faa=True; n_proteins=4063; functional genes not yet annotated
0.0,0.5,0.3,0.3,0.0,0.8,0.5,0.4,0.7,PBM270,genus_level_prior; niche=rhizosphere; target_crop=soybean; has_prodigal_faa=True; n_proteins=3172; functional genes not yet annotated
0.0,0.5,0.3,0.3,0.0,0.8,0.5,0.4,0.7,PBM271,genus_level_prior; niche=plant_associated; target_crop=soybean; has_prodigal_faa=True; n_proteins=3695; functional genes not yet annotated
0.0,0.5,0.3,0.3,0.0,0.8,0.5,0.4,0.7,PBM272,genus_level_prior; niche=rhizosphere; target_crop=wheat; has_prodigal_faa=True; n_proteins=3695; functional genes not yet annotated
0.0,0.5,0.3,0.3,0.0,0.8,0.5,0.4,0.7,PBM273,genus_level_prior; niche=endosphere; target_crop=tobacco; has_prodigal_faa=True; n_proteins=3695; functional genes not yet annotated
0.0,0.5,0.3,0.3,0.0,0.9,0.5,0.4,0.8,PBM274,genus_level_prior; niche=rhizosphere; target_crop=potato; has_prodigal_faa=True; n_proteins=4226; functional genes not yet annotated
0.0,0.5,0.3,0.3,0.0,0.9,0.5,0.4,0.8,PBM275,genus_level_prior; niche=endosphere; target_crop=tobacco; has_prodigal_faa=True; n_proteins=4226; functional genes not yet annotated
0.0,0.5,0.3,0.3,0.0,0.9,0.5,0.4,0.8,PBM276,genus_level_prior; niche=rhizosphere; target_crop=barley; has_prodigal_faa=True; n_proteins=4226; functional genes not yet annotated
0.0,0.5,0.3,0.3,0.0,0.9,0.5,0.4,0.8,PBM277,genus_level_prior; niche=soil; target_crop=soybean; has_prodigal_faa=True; n_proteins=4226; functional genes not yet annotated
0.0,0.5,0.3,0.3,0.0,0.9,0.5,0.4,0.8,PBM278,genus_level_prior; niche=soil; target_crop=soybean; has_prodigal_faa=True; n_proteins=4226; functional genes not yet annotated
0.0,0.5,0.3,0.3,0.0,0.9,0.5,0.4,0.8,PBM279,genus_level_prior; niche=soil; target_crop=pea; has_prodigal_faa=True; n_proteins=4226; functional genes not yet annotated
0.0,0.5,0.3,0.3,0.0,0.8,0.5,0.4,0.7,PBM280,genus_level_prior; niche=endosphere; target_crop=tomato; has_prodigal_faa=True; n_proteins=4130; functional genes not yet annotated
0.0,0.5,0.3,0.3,0.0,0.8,0.5,0.4,0.7,PBM281,genus_level_prior; niche=rhizosphere; target_crop=pea; has_prodigal_faa=True; n_proteins=4045; functional genes not yet annotated
0.0,0.5,0.3,0.3,0.0,0.8,0.5,0.4,0.7,PBM282,genus_level_prior; niche=rhizosphere; target_crop=wheat; has_prodigal_faa=True; n_proteins=4168; functional genes not yet annotated
0.0,0.5,0.3,0.3,0.0,0.8,0.5,0.4,0.7,PBM283,genus_level_prior; niche=soil; target_crop=soybean; has_prodigal_faa=True; n_proteins=4549; functional genes not yet annotated
0.0,0.5,0.3,0.3,0.0,0.8,0.5,0.4,0.7,PBM284,genus_level_prior; niche=rhizosphere; target_crop=rice; has_prodigal_faa=True; n_proteins=4549; functional genes not yet annotated
0.0,0.5,0.3,0.3,0.0,0.8,0.5,0.4,0.7,PBM285,genus_level_prior; niche=soil; target_crop=barley; has_prodigal_faa=True; n_proteins=6366; functional genes not yet annotated
0.0,0.5,0.3,0.3,0.0,0.8,0.5,0.4,0.7,PBM286,genus_level_prior; niche=soil; target_crop=soybean; has_prodigal_faa=True; n_proteins=6366; functional genes not yet annotated
0.0,0.5,0.3,0.3,0.0,0.8,0.5,0.4,0.7,PBM287,genus_level_prior; niche=rhizosphere; target_crop=barley; has_prodigal_faa=True; n_proteins=6366; functional genes not yet annotated
0.0,0.5,0.3,0.3,0.0,0.9,0.5,0.4,0.8,PBM288,genus_level_prior; niche=rhizosphere; target_crop=rice; has_prodigal_faa=True; n_proteins=4226; functional genes not yet annotated
0.0,0.5,0.3,0.3,0.0,0.8,0.5,0.4,0.7,PBM289,genus_level_prior; niche=endosphere; target_crop=cotton; has_prodigal_faa=True; n_proteins=4130; functional genes not yet annotated
0.0,0.5,0.3,0.3,0.0,0.8,0.5,0.4,0.7,PBM290,genus_level_prior; niche=rhizosphere; target_crop=wheat; has_prodigal_faa=True; n_proteins=4102; functional genes not yet annotated
0.0,0.5,0.3,0.3,0.0,0.8,0.5,0.4,0.7,PBM291,genus_level_prior; niche=soil; target_crop=rice; has_prodigal_faa=True; n_proteins=4647; functional genes not yet annotated
0.0,0.5,0.3,0.3,0.0,0.9,0.5,0.4,0.8,PBM292,genus_level_prior; niche=rhizosphere; target_crop=wheat; has_prodigal_faa=True; n_proteins=3736; functional genes not yet annotated
0.0,0.5,0.3,0.3,0.0,0.9,0.5,0.4,0.8,PBM293,genus_level_prior; niche=rhizosphere; target_crop=wheat; has_prodigal_faa=True; n_proteins=3747; functional genes not yet annotated
0.0,0.5,0.3,0.3,0.0,0.8,0.5,0.4,0.7,PBM294,genus_level_prior; niche=rhizosphere; target_crop=wheat; has_prodigal_faa=True; n_proteins=4131; functional genes not yet annotated
0.0,0.5,0.3,0.3,0.0,0.8,0.5,0.4,0.7,PBM295,genus_level_prior; niche=rhizosphere; target_crop=soybean; has_prodigal_faa=True; n_proteins=5013; functional genes not yet annotated
0.0,0.5,0.3,0.3,0.0,0.8,0.5,0.4,0.7,PBM296,genus_level_prior; niche=endosphere; target_crop=soybean; has_prodigal_faa=True; n_proteins=3854; functional genes not yet annotated
0.0,0.5,0.3,0.3,0.0,0.8,0.5,0.4,0.7,PBM297,genus_level_prior; niche=soil; target_crop=soybean; has_prodigal_faa=True; n_proteins=3692; functional genes not yet annotated
0.0,0.5,0.3,0.3,0.0,0.8,0.5,0.4,0.7,PBM298,genus_level_prior; niche=soil; target_crop=soybean; has_prodigal_faa=True; n_proteins=3302; functional genes not yet annotated
0.0,0.5,0.3,0.3,0.0,0.8,0.5,0.4,0.7,PBM299,genus_level_prior; niche=rhizosphere; target_crop=wheat; has_prodigal_faa=True; n_proteins=4888; functional genes not yet annotated
0.0,0.5,0.3,0.3,0.0,0.9,0.5,0.4,0.8,PBM300,genus_level_prior; niche=plant_associated; target_crop=soybean; has_prodigal_faa=True; n_proteins=4226; functional genes not yet annotated
0.0,0.5,0.3,0.3,0.0,0.9,0.5,0.4,0.8,PBM301,genus_level_prior; niche=plant_associated; target_crop=soybean; has_prodigal_faa=True; n_proteins=4226; functional genes not yet annotated
0.0,0.5,0.3,0.3,0.0,0.9,0.5,0.4,0.8,PBM302,genus_level_prior; niche=plant_associated; target_crop=soybean; has_prodigal_faa=True; n_proteins=4226; functional genes not yet annotated
0.0,0.5,0.3,0.3,0.0,0.9,0.5,0.4,0.8,PBM303,genus_level_prior; niche=plant_associated; target_crop=soybean; has_prodigal_faa=True; n_proteins=4226; functional genes not yet annotated
0.0,0.5,0.3,0.3,0.0,0.9,0.5,0.4,0.8,PBM304,genus_level_prior; niche=rhizosphere; target_crop=wheat; has_prodigal_faa=True; n_proteins=4226; functional genes not yet annotated
0.0,0.5,0.3,0.3,0.0,0.9,0.5,0.4,0.8,PBM305,genus_level_prior; niche=rhizosphere; target_crop=soybean; has_prodigal_faa=True; n_proteins=4226; functional genes not yet annotated
0.0,0.5,0.3,0.3,0.0,0.8,0.5,0.4,0.7,PBM306,genus_level_prior; niche=rhizosphere; target_crop=wheat; has_prodigal_faa=True; n_proteins=5628; functional genes not yet annotated
0.0,0.5,0.3,0.3,0.0,0.8,0.5,0.4,0.7,PBM307,genus_level_prior; niche=rhizosphere; target_crop=wheat; has_prodigal_faa=True; n_proteins=5853; functional genes not yet annotated
0.0,0.5,0.3,0.3,0.0,0.8,0.5,0.4,0.7,PBM308,genus_level_prior; niche=rhizosphere; target_crop=wheat; has_prodigal_faa=True; n_proteins=3921; functional genes not yet annotated
0.0,0.5,0.3,0.3,0.0,0.8,0.5,0.4,0.7,PBM309,genus_level_prior; niche=rhizosphere; target_crop=wheat; has_prodigal_faa=True; n_proteins=4241; functional genes not yet annotated
0.0,0.5,0.3,0.3,0.0,0.9,0.5,0.4,0.8,PBM310,genus_level_prior; niche=rhizosphere; target_crop=rice; has_prodigal_faa=True; n_proteins=3736; functional genes not yet annotated
0.0,0.5,0.3,0.3,0.0,0.8,0.5,0.4,0.7,PBM311,genus_level_prior; niche=rhizosphere; target_crop=rice; has_prodigal_faa=True; n_proteins=5544; functional genes not yet annotated
0.0,0.5,0.3,0.3,0.0,0.9,0.5,0.4,0.8,PBM312,genus_level_prior; niche=plant_associated; target_crop=tobacco; has_prodigal_faa=True; n_proteins=4226; functional genes not yet annotated
0.0,0.5,0.3,0.3,0.0,0.8,0.5,0.4,0.7,PBM313,genus_level_prior; niche=rhizosphere; target_crop=wheat; has_prodigal_faa=True; n_proteins=4085; functional genes not yet annotated
0.0,0.5,0.3,0.3,0.0,0.8,0.5,0.4,0.7,PBM314,genus_level_prior; niche=endosphere; target_crop=tomato; has_prodigal_faa=True; n_proteins=4130; functional genes not yet annotated
0.0,0.5,0.3,0.3,0.0,0.8,0.5,0.4,0.7,PBM315,genus_level_prior; niche=rhizosphere; target_crop=soybean; has_prodigal_faa=True; n_proteins=4658; functional genes not yet annotated
0.0,0.5,0.3,0.3,0.0,0.8,0.5,0.4,0.7,PBM316,genus_level_prior; niche=rhizosphere; target_crop=wheat; has_prodigal_faa=True; n_proteins=5705; functional genes not yet annotated
0.0,0.5,0.3,0.3,0.0,0.8,0.5,0.4,0.7,PBM317,genus_level_prior; niche=soil; target_crop=tomato; has_prodigal_faa=True; n_proteins=5628; functional genes not yet annotated
0.0,0.5,0.3,0.3,0.0,0.8,0.5,0.4,0.7,PBM318,genus_level_prior; niche=soil; target_crop=tomato; has_prodigal_faa=True; n_proteins=5628; functional genes not yet annotated
0.0,0.5,0.3,0.3,0.0,0.8,0.5,0.4,0.7,PBM319,genus_level_prior; niche=soil; target_crop=tomato; has_prodigal_faa=True; n_proteins=5628; functional genes not yet annotated
0.0,0.5,0.3,0.3,0.0,0.8,0.5,0.4,0.7,PBM320,genus_level_prior; niche=soil; target_crop=tomato; has_prodigal_faa=True; n_proteins=5628; functional genes not yet annotated
0.0,0.5,0.3,0.3,0.0,0.8,0.5,0.4,0.7,PBM321,genus_level_prior; niche=soil; target_crop=tomato; has_prodigal_faa=True; n_proteins=5628; functional genes not yet annotated
0.0,0.5,0.3,0.3,0.0,0.8,0.5,0.4,0.7,PBM322,genus_level_prior; niche=soil; target_crop=tomato; has_prodigal_faa=True; n_proteins=5628; functional genes not yet annotated
0.0,0.5,0.3,0.3,0.0,0.8,0.5,0.4,0.7,PBM323,genus_level_prior; niche=soil; target_crop=tomato; has_prodigal_faa=True; n_proteins=5628; functional genes not yet annotated
0.0,0.5,0.3,0.3,0.0,0.8,0.5,0.4,0.7,PBM324,genus_level_prior; niche=soil; target_crop=tomato; has_prodigal_faa=True; n_proteins=5628; functional genes not yet annotated
0.0,0.5,0.3,0.3,0.0,0.8,0.5,0.4,0.7,PBM325,genus_level_prior; niche=soil; target_crop=tomato; has_prodigal_faa=True; n_proteins=5628; functional genes not yet annotated
0.0,0.5,0.3,0.3,0.0,0.8,0.5,0.4,0.7,PBM326,genus_level_prior; niche=soil; target_crop=tomato; has_prodigal_faa=True; n_proteins=5628; functional genes not yet annotated
0.0,0.5,0.3,0.3,0.0,0.8,0.5,0.4,0.7,PBM327,genus_level_prior; niche=soil; target_crop=tomato; has_prodigal_faa=True; n_proteins=5628; functional genes not yet annotated
0.0,0.5,0.3,0.3,0.0,0.8,0.5,0.4,0.7,PBM328,genus_level_prior; niche=soil; target_crop=tomato; has_prodigal_faa=True; n_proteins=5628; functional genes not yet annotated
0.0,0.5,0.3,0.3,0.0,0.8,0.5,0.4,0.7,PBM329,genus_level_prior; niche=soil; target_crop=tomato; has_prodigal_faa=True; n_proteins=5628; functional genes not yet annotated
0.0,0.5,0.3,0.3,0.0,0.8,0.5,0.4,0.7,PBM330,genus_level_prior; niche=soil; target_crop=tomato; has_prodigal_faa=True; n_proteins=6366; functional genes not yet annotated
0.0,0.5,0.3,0.3,0.0,0.8,0.5,0.4,0.7,PBM331,genus_level_prior; niche=soil; target_crop=tomato; has_prodigal_faa=True; n_proteins=6366; functional genes not yet annotated
0.0,0.5,0.3,0.3,0.0,0.8,0.5,0.4,0.7,PBM332,genus_level_prior; niche=soil; target_crop=tomato; has_prodigal_faa=True; n_proteins=6366; functional genes not yet annotated
0.0,0.5,0.3,0.3,0.0,0.8,0.5,0.4,0.7,PBM333,genus_level_prior; niche=soil; target_crop=tomato; has_prodigal_faa=True; n_proteins=6366; functional genes not yet annotated
0.0,0.5,0.3,0.3,0.0,0.8,0.5,0.4,0.7,PBM334,genus_level_prior; niche=soil; target_crop=tomato; has_prodigal_faa=True; n_proteins=6366; functional genes not yet annotated
0.0,0.5,0.3,0.3,0.0,0.8,0.5,0.4,0.7,PBM335,genus_level_prior; niche=soil; target_crop=tomato; has_prodigal_faa=True; n_proteins=6366; functional genes not yet annotated
0.0,0.5,0.3,0.3,0.0,0.8,0.5,0.4,0.7,PBM336,genus_level_prior; niche=soil; target_crop=tomato; has_prodigal_faa=True; n_proteins=6366; functional genes not yet annotated
0.0,0.5,0.3,0.3,0.0,0.8,0.5,0.4,0.7,PBM337,genus_level_prior; niche=rhizosphere; target_crop=rice; has_prodigal_faa=True; n_proteins=6039; functional genes not yet annotated
0.0,0.5,0.3,0.3,0.0,0.8,0.5,0.4,0.7,PBM338,genus_level_prior; niche=soil; target_crop=rice; has_prodigal_faa=True; n_proteins=5434; functional genes not yet annotated
0.0,0.5,0.3,0.3,0.0,0.9,0.5,0.4,0.8,PBM339,genus_level_prior; niche=plant_associated; target_crop=soybean; has_prodigal_faa=True; n_proteins=4226; functional genes not yet annotated
0.0,0.5,0.3,0.3,0.0,0.9,0.5,0.4,0.8,PBM340,genus_level_prior; niche=endosphere; target_crop=rice; has_prodigal_faa=True; n_proteins=4226; functional genes not yet annotated
0.0,0.5,0.3,0.3,0.0,0.8,0.5,0.4,0.7,PBM341,genus_level_prior; niche=endosphere; target_crop=tomato; has_prodigal_faa=True; n_proteins=4130; functional genes not yet annotated
0.0,0.5,0.3,0.3,0.0,0.8,0.5,0.4,0.7,PBM342,genus_level_prior; niche=rhizosphere; target_crop=wheat; has_prodigal_faa=False; n_proteins=0; functional genes not yet annotated
0.0,0.5,0.3,0.3,0.0,0.8,0.5,0.4,0.7,PBM343,genus_level_prior; niche=plant_associated; target_crop=rice; has_prodigal_faa=True; n_proteins=6366; functional genes not yet annotated
0.0,0.5,0.3,0.3,0.0,0.8,0.5,0.4,0.7,PBM344,genus_level_prior; niche=endosphere; target_crop=soybean; has_prodigal_faa=True; n_proteins=5426; functional genes not yet annotated
0.0,0.5,0.3,0.3,0.0,0.8,0.5,0.4,0.7,PBM345,genus_level_prior; niche=soil; target_crop=rice; has_prodigal_faa=True; n_proteins=5578; functional genes not yet annotated
0.0,0.5,0.3,0.3,0.0,0.8,0.5,0.4,0.7,PBM346,genus_level_prior; niche=rhizosphere; target_crop=potato; has_prodigal_faa=True; n_proteins=5731; functional genes not yet annotated
0.0,0.5,0.3,0.3,0.0,0.8,0.5,0.4,0.7,PBM347,genus_level_prior; niche=rhizosphere; target_crop=wheat; has_prodigal_faa=True; n_proteins=4128; functional genes not yet annotated
0.0,0.5,0.3,0.3,0.0,0.8,0.5,0.4,0.7,PBM348,genus_level_prior; niche=rhizosphere; target_crop=wheat; has_prodigal_faa=True; n_proteins=3827; functional genes not yet annotated
0.0,0.5,0.3,0.3,0.0,0.9,0.5,0.4,0.8,PBM349,genus_level_prior; niche=rhizosphere; target_crop=potato; has_prodigal_faa=True; n_proteins=3736; functional genes not yet annotated
0.0,0.5,0.3,0.3,0.0,0.9,0.5,0.4,0.8,PBM350,genus_level_prior; niche=plant_associated; target_crop=potato; has_prodigal_faa=True; n_proteins=4226; functional genes not yet annotated
0.0,0.5,0.3,0.3,0.0,0.9,0.5,0.4,0.8,PBM351,genus_level_prior; niche=plant_associated; target_crop=soybean; has_prodigal_faa=True; n_proteins=4226; functional genes not yet annotated
0.0,0.5,0.3,0.3,0.0,0.8,0.5,0.4,0.7,PBM352,genus_level_prior; niche=plant_associated; target_crop=tobacco; has_prodigal_faa=False; n_proteins=0; functional genes not yet annotated
0.0,0.5,0.3,0.3,0.0,0.8,0.5,0.4,0.7,PBM353,genus_level_prior; niche=rhizosphere; target_crop=tobacco; has_prodigal_faa=True; n_proteins=5680; functional genes not yet annotated
0.0,0.5,0.3,0.3,0.0,0.8,0.5,0.4,0.7,PBM354,genus_level_prior; niche=soil; target_crop=soybean; has_prodigal_faa=True; n_proteins=4307; functional genes not yet annotated
0.0,0.5,0.3,0.3,0.0,0.8,0.5,0.4,0.7,PBM355,genus_level_prior; niche=soil; target_crop=soybean; has_prodigal_faa=True; n_proteins=5061; functional genes not yet annotated
0.0,0.5,0.3,0.3,0.0,0.8,0.5,0.4,0.7,PBM356,genus_level_prior; niche=endosphere; target_crop=wheat; has_prodigal_faa=True; n_proteins=4062; functional genes not yet annotated
0.0,0.5,0.3,0.3,0.0,0.8,0.5,0.4,0.7,PBM357,genus_level_prior; niche=soil; target_crop=wheat; has_prodigal_faa=True; n_proteins=5434; functional genes not yet annotated
0.0,0.5,0.3,0.3,0.0,0.8,0.5,0.4,0.7,PBM358,genus_level_prior; niche=soil; target_crop=potato; has_prodigal_faa=True; n_proteins=5434; functional genes not yet annotated
0.0,0.5,0.3,0.3,0.0,0.8,0.5,0.4,0.7,PBM359,genus_level_prior; niche=phyllosphere; target_crop=common_bean; has_prodigal_faa=True; n_proteins=5434; functional genes not yet annotated
0.0,0.5,0.3,0.3,0.0,0.8,0.5,0.4,0.7,PBM360,genus_level_prior; niche=soil; target_crop=wheat; has_prodigal_faa=True; n_proteins=5434; functional genes not yet annotated
0.0,0.5,0.3,0.3,0.0,0.8,0.5,0.4,0.7,PBM361,genus_level_prior; niche=soil; target_crop=rice; has_prodigal_faa=True; n_proteins=5434; functional genes not yet annotated
0.0,0.5,0.3,0.3,0.0,0.8,0.5,0.4,0.7,PBM362,genus_level_prior; niche=soil; target_crop=rice; has_prodigal_faa=True; n_proteins=5434; functional genes not yet annotated
0.0,0.5,0.3,0.3,0.0,0.8,0.5,0.4,0.7,PBM363,genus_level_prior; niche=plant_associated; target_crop=rice; has_prodigal_faa=True; n_proteins=5434; functional genes not yet annotated
0.0,0.5,0.3,0.3,0.0,0.8,0.5,0.4,0.7,PBM364,genus_level_prior; niche=plant_associated; target_crop=tomato; has_prodigal_faa=True; n_proteins=5434; functional genes not yet annotated
0.0,0.5,0.3,0.3,0.0,0.8,0.5,0.4,0.7,PBM365,genus_level_prior; niche=soil; target_crop=wheat; has_prodigal_faa=True; n_proteins=5434; functional genes not yet annotated
0.0,0.5,0.3,0.3,0.0,0.8,0.5,0.4,0.7,PBM366,genus_level_prior; niche=soil; target_crop=cotton; has_prodigal_faa=True; n_proteins=5434; functional genes not yet annotated
0.0,0.5,0.3,0.3,0.0,0.8,0.5,0.4,0.7,PBM367,genus_level_prior; niche=plant_associated; target_crop=wheat; has_prodigal_faa=True; n_proteins=5434; functional genes not yet annotated
0.0,0.5,0.3,0.3,0.0,0.8,0.5,0.4,0.7,PBM368,genus_level_prior; niche=plant_associated; target_crop=wheat; has_prodigal_faa=True; n_proteins=5434; functional genes not yet annotated
0.0,0.5,0.3,0.3,0.0,0.8,0.5,0.4,0.7,PBM369,genus_level_prior; niche=endosphere; target_crop=barley; has_prodigal_faa=True; n_proteins=5434; functional genes not yet annotated
0.0,0.5,0.3,0.3,0.0,0.8,0.5,0.4,0.7,PBM370,genus_level_prior; niche=endosphere; target_crop=soybean; has_prodigal_faa=True; n_proteins=5434; functional genes not yet annotated
0.0,0.5,0.3,0.3,0.0,0.8,0.5,0.4,0.7,PBM371,genus_level_prior; niche=endosphere; target_crop=rice; has_prodigal_faa=True; n_proteins=5434; functional genes not yet annotated
0.0,0.5,0.3,0.3,0.0,0.8,0.5,0.4,0.7,PBM372,genus_level_prior; niche=endosphere; target_crop=rice; has_prodigal_faa=True; n_proteins=5434; functional genes not yet annotated
0.0,0.5,0.3,0.3,0.0,0.8,0.5,0.4,0.7,PBM373,genus_level_prior; niche=rhizosphere; target_crop=wheat; has_prodigal_faa=True; n_proteins=5434; functional genes not yet annotated
0.0,0.5,0.3,0.3,0.0,0.8,0.5,0.4,0.7,PBM374,genus_level_prior; niche=plant_associated; target_crop=rice; has_prodigal_faa=True; n_proteins=5434; functional genes not yet annotated
0.0,0.5,0.3,0.3,0.0,0.8,0.5,0.4,0.7,PBM375,genus_level_prior; niche=plant_associated; target_crop=common_bean; has_prodigal_faa=True; n_proteins=4545; functional genes not yet annotated
